R05A.01,R05A.02,R05A.03,R05A.04,R05A.05,R05A.06,R05A.07,R05A.08,R05A.09,R05A.10,R05A.11,R05A.12,R05A.13,R05A.14,R05A.15,R05A.16,R05A.17,R05A.18,R05A.19,R05A.20,Output
16,4,3,5,10,8,6,8,13,20,21,,,,,,,,,,
2,1,9,10,1,4,3,21,,,,,,,,,,,,,
9,13,20,16,15,21,,,,,,,,,,,,,,,
8,15,20,21,,,,,,,,,,,,,,,,,
16,9,13,20,21,,,,,,,,,,,,,,,,
1,11,8,4,9,21,,,,,,,,,,,,,,,
1,6,10,13,16,20,11,21,,,,,,,,,,,,,
10,11,12,4,20,21,,,,,,,,,,,,,,,
16,10,4,20,21,,,,,,,,,,,,,,,,
4,16,15,20,21,,,,,,,,,,,,,,,,
2,10,21,,,,,,,,,,,,,,,,,,
13,9,9,21,,,,,,,,,,,,,,,,,
9,3,4,9,16,10,20,21,,,,,,,,,,,,,
3,4,9,15,20,21,,,,,,,,,,,,,,,
10,16,3,20,21,,,,,,,,,,,,,,,,
13,9,16,13,20,21,,,,,,,,,,,,,,,
9,10,20,21,,,,,,,,,,,,,,,,,
9,16,20,21,,,,,,,,,,,,,,,,,
4,17,20,21,,,,,,,,,,,,,,,,,
10,3,20,21,,,,,,,,,,,,,,,,,
10,9,11,20,21,,,,,,,,,,,,,,,,
15,8,10,20,21,,,,,,,,,,,,,,,,
2,3,4,7,7,13,20,21,,,,,,,,,,,,,
11,12,9,21,,,,,,,,,,,,,,,,,
9,2,16,20,21,,,,,,,,,,,,,,,,
13,9,21,,,,,,,,,,,,,,,,,,
4,9,20,21,,,,,,,,,,,,,,,,,
14,14,20,21,,,,,,,,,,,,,,,,,
16,20,21,,,,,,,,,,,,,,,,,,
10,4,3,5,9,11,13,16,17,20,21,,,,,,,,,,
10,4,9,21,,,,,,,,,,,,,,,,,
9,11,4,20,21,,,,,,,,,,,,,,,,
10,3,16,17,15,21,,,,,,,,,,,,,,,
16,20,17,21,,,,,,,,,,,,,,,,,
17,15,20,21,,,,,,,,,,,,,,,,,
13,10,3,7,20,21,,,,,,,,,,,,,,,
4,5,16,20,21,,,,,,,,,,,,,,,,
2,20,6,21,,,,,,,,,,,,,,,,,
10,12,4,11,20,3,1,9,15,21,,,,,,,,,,,
3,13,20,21,,,,,,,,,,,,,,,,,
9,3,6,10,21,,,,,,,,,,,,,,,,
6,1,4,11,3,20,21,,,,,,,,,,,,,,
2,13,21,,,,,,,,,,,,,,,,,,
16,20,13,21,,,,,,,,,,,,,,,,,
16,3,16,20,21,,,,,,,,,,,,,,,,
2,11,20,21,,,,,,,,,,,,,,,,,
4,2,9,20,21,,,,,,,,,,,,,,,,
10,13,17,16,20,21,,,,,,,,,,,,,,,
10,3,4,9,17,20,21,,,,,,,,,,,,,,
12,11,1,2,16,20,21,,,,,,,,,,,,,,
9,4,10,9,4,21,,,,,,,,,,,,,,,
2,1,16,3,6,6,13,21,,,,,,,,,,,,,
16,4,9,17,20,21,,,,,,,,,,,,,,,
10,4,16,20,21,,,,,,,,,,,,,,,,
1,14,12,17,20,21,,,,,,,,,,,,,,,
16,20,21,,,,,,,,,,,,,,,,,,
10,13,15,4,21,,,,,,,,,,,,,,,,
16,16,16,17,17,15,15,15,20,21,,,,,,,,,,,
10,9,20,21,,,,,,,,,,,,,,,,,
4,12,20,21,,,,,,,,,,,,,,,,,
3,1,9,16,4,21,,,,,,,,,,,,,,,
13,17,21,,,,,,,,,,,,,,,,,,
1,10,4,17,21,,,,,,,,,,,,,,,,
11,4,8,20,21,,,,,,,,,,,,,,,,
10,12,20,21,,,,,,,,,,,,,,,,,
13,4,2,9,20,21,,,,,,,,,,,,,,,
9,4,20,21,,,,,,,,,,,,,,,,,
9,9,11,4,21,,,,,,,,,,,,,,,,
9,4,3,16,21,,,,,,,,,,,,,,,,
10,1,9,11,12,20,21,,,,,,,,,,,,,,
10,10,11,1,20,21,,,,,,,,,,,,,,,
9,13,4,20,21,,,,,,,,,,,,,,,,
13,1,4,20,21,,,,,,,,,,,,,,,,
15,14,20,21,,,,,,,,,,,,,,,,,
1,9,20,21,,,,,,,,,,,,,,,,,
12,13,10,16,21,,,,,,,,,,,,,,,,
3,4,13,20,21,,,,,,,,,,,,,,,,
2,10,4,16,20,21,,,,,,,,,,,,,,,
2,4,13,5,20,21,,,,,,,,,,,,,,,
9,11,4,5,1,10,4,5,3,11,21,,,,,,,,,,
13,4,20,21,,,,,,,,,,,,,,,,,
13,16,17,20,21,,,,,,,,,,,,,,,,
16,3,20,21,,,,,,,,,,,,,,,,,
1,2,4,6,15,16,17,20,21,,,,,,,,,,,,
13,16,11,4,21,,,,,,,,,,,,,,,,
2,6,7,10,12,9,21,,,,,,,,,,,,,,
9,4,3,21,,,,,,,,,,,,,,,,,
1,3,16,10,21,,,,,,,,,,,,,,,,
10,4,5,6,9,21,,,,,,,,,,,,,,,
9,8,20,21,,,,,,,,,,,,,,,,,
2,9,13,16,20,21,,,,,,,,,,,,,,,
9,17,2,20,21,,,,,,,,,,,,,,,,
3,4,9,4,20,21,,,,,,,,,,,,,,,
16,15,20,21,,,,,,,,,,,,,,,,,
2,5,20,21,,,,,,,,,,,,,,,,,
6,2,9,20,21,,,,,,,,,,,,,,,,
13,10,16,11,20,21,,,,,,,,,,,,,,,
9,3,11,4,16,17,15,20,21,,,,,,,,,,,,
4,9,16,20,21,,,,,,,,,,,,,,,,
15,16,20,21,,,,,,,,,,,,,,,,,
13,15,16,17,21,,,,,,,,,,,,,,,,
1,10,6,14,20,21,,,,,,,,,,,,,,,
9,9,4,3,9,20,21,,,,,,,,,,,,,,
11,13,20,21,,,,,,,,,,,,,,,,,
10,9,4,16,17,13,21,,,,,,,,,,,,,,
13,20,21,,,,,,,,,,,,,,,,,,
4,20,21,,,,,,,,,,,,,,,,,,
10,9,4,13,14,21,,,,,,,,,,,,,,,
9,16,20,21,,,,,,,,,,,,,,,,,
9,3,16,20,16,9,16,21,,,,,,,,,,,,,
10,5,20,21,,,,,,,,,,,,,,,,,
9,2,1,16,17,21,,,,,,,,,,,,,,,
13,4,5,4,10,11,13,20,4,16,15,21,,,,,,,,,
4,3,20,21,,,,,,,,,,,,,,,,,
9,4,5,7,21,,,,,,,,,,,,,,,,
4,13,20,21,,,,,,,,,,,,,,,,,
9,10,20,21,,,,,,,,,,,,,,,,,
2,1,4,3,8,11,20,21,,,,,,,,,,,,,
10,2,1,11,21,,,,,,,,,,,,,,,,
13,17,20,21,,,,,,,,,,,,,,,,,
5,15,20,15,21,,,,,,,,,,,,,,,,
1,6,12,13,20,21,,,,,,,,,,,,,,,
9,10,9,7,16,21,,,,,,,,,,,,,,,
9,4,20,21,,,,,,,,,,,,,,,,,
4,20,16,21,,,,,,,,,,,,,,,,,
10,3,1,3,4,9,13,16,17,21,,,,,,,,,,,
9,4,20,21,,,,,,,,,,,,,,,,,
5,14,20,21,,,,,,,,,,,,,,,,,
16,15,20,21,,,,,,,,,,,,,,,,,
4,12,1,20,21,,,,,,,,,,,,,,,,
9,2,20,21,,,,,,,,,,,,,,,,,
12,11,20,21,,,,,,,,,,,,,,,,,
1,6,7,15,9,20,21,,,,,,,,,,,,,,
3,9,4,1,2,21,,,,,,,,,,,,,,,
14,9,20,21,,,,,,,,,,,,,,,,,
9,4,20,9,21,,,,,,,,,,,,,,,,
13,1,20,21,,,,,,,,,,,,,,,,,
9,3,20,21,,,,,,,,,,,,,,,,,
10,20,16,21,,,,,,,,,,,,,,,,,
13,10,9,3,2,16,17,15,20,21,,,,,,,,,,,
10,11,20,21,,,,,,,,,,,,,,,,,
10,13,20,21,,,,,,,,,,,,,,,,,
1,1,3,13,3,20,21,,,,,,,,,,,,,,
4,5,10,20,21,,,,,,,,,,,,,,,,
13,16,20,21,,,,,,,,,,,,,,,,,
13,9,4,16,13,20,21,,,,,,,,,,,,,,
10,13,12,9,3,2,6,5,4,16,15,11,20,21,,,,,,,
10,8,4,21,,,,,,,,,,,,,,,,,
4,13,10,20,21,,,,,,,,,,,,,,,,
3,4,10,3,21,,,,,,,,,,,,,,,,
14,4,10,5,11,20,21,,,,,,,,,,,,,,
13,9,12,20,21,,,,,,,,,,,,,,,,
9,20,21,,,,,,,,,,,,,,,,,,
10,14,9,20,21,,,,,,,,,,,,,,,,
13,14,20,10,4,21,,,,,,,,,,,,,,,
10,11,14,4,5,16,17,21,,,,,,,,,,,,,
13,16,17,20,21,,,,,,,,,,,,,,,,
4,5,13,20,21,,,,,,,,,,,,,,,,
4,13,14,20,21,,,,,,,,,,,,,,,,
4,13,16,20,21,,,,,,,,,,,,,,,,
10,13,4,5,6,7,8,2,9,11,14,21,,,,,,,,,
1,12,3,21,,,,,,,,,,,,,,,,,
11,7,20,21,,,,,,,,,,,,,,,,,
9,4,20,21,,,,,,,,,,,,,,,,,
13,16,17,10,21,,,,,,,,,,,,,,,,
10,3,13,14,16,20,21,,,,,,,,,,,,,,
14,15,17,20,21,,,,,,,,,,,,,,,,
9,10,4,5,13,14,20,21,,,,,,,,,,,,,
9,11,4,20,21,,,,,,,,,,,,,,,,
16,8,9,20,21,,,,,,,,,,,,,,,,
3,11,20,21,,,,,,,,,,,,,,,,,
6,7,8,4,9,10,2,21,,,,,,,,,,,,,
16,4,20,21,,,,,,,,,,,,,,,,,
2,3,11,8,20,21,,,,,,,,,,,,,,,
10,3,4,9,21,,,,,,,,,,,,,,,,
16,4,14,13,5,5,20,21,,,,,,,,,,,,,
5,11,20,21,,,,,,,,,,,,,,,,,
13,10,5,4,6,11,1,3,14,16,17,20,11,21,,,,,,,
4,6,7,11,20,21,,,,,,,,,,,,,,,
12,19,13,2,20,21,,,,,,,,,,,,,,,
13,12,2,10,20,21,,,,,,,,,,,,,,,
13,11,4,5,21,,,,,,,,,,,,,,,,
10,4,21,,,,,,,,,,,,,,,,,,
3,9,4,21,,,,,,,,,,,,,,,,,
13,3,9,21,,,,,,,,,,,,,,,,,
1,12,2,9,8,2,12,12,21,,,,,,,,,,,,
8,15,14,8,10,20,21,,,,,,,,,,,,,,
10,3,5,4,13,16,20,21,,,,,,,,,,,,,
3,11,4,10,9,21,,,,,,,,,,,,,,,
10,3,5,4,20,21,,,,,,,,,,,,,,,
2,9,8,5,21,,,,,,,,,,,,,,,,
8,14,16,20,21,,,,,,,,,,,,,,,,
9,16,20,21,,,,,,,,,,,,,,,,,
12,13,20,21,,,,,,,,,,,,,,,,,
13,10,16,21,,,,,,,,,,,,,,,,,
16,10,4,5,20,21,,,,,,,,,,,,,,,
9,8,20,21,,,,,,,,,,,,,,,,,
1,5,7,8,14,20,21,,,,,,,,,,,,,,
1,20,21,,,,,,,,,,,,,,,,,,
9,2,1,16,21,,,,,,,,,,,,,,,,
4,12,14,10,13,21,,,,,,,,,,,,,,,
12,4,9,3,21,,,,,,,,,,,,,,,,
11,16,16,21,,,,,,,,,,,,,,,,,
5,7,16,21,,,,,,,,,,,,,,,,,
4,9,20,21,,,,,,,,,,,,,,,,,
12,2,16,20,21,,,,,,,,,,,,,,,,
13,4,20,21,,,,,,,,,,,,,,,,,
16,9,11,20,21,,,,,,,,,,,,,,,,
13,10,4,9,16,16,20,21,,,,,,,,,,,,,
13,9,4,20,16,15,21,,,,,,,,,,,,,,
4,13,4,21,,,,,,,,,,,,,,,,,
10,11,5,3,20,16,21,,,,,,,,,,,,,,
2,4,5,12,14,20,21,,,,,,,,,,,,,,
13,15,20,21,,,,,,,,,,,,,,,,,
13,20,4,18,4,21,,,,,,,,,,,,,,,
13,9,20,21,,,,,,,,,,,,,,,,,
4,16,1,20,21,,,,,,,,,,,,,,,,
7,9,20,21,,,,,,,,,,,,,,,,,
10,9,20,21,,,,,,,,,,,,,,,,,
13,20,21,,,,,,,,,,,,,,,,,,
10,8,7,1,2,4,15,20,21,,,,,,,,,,,,
9,11,4,12,17,20,21,,,,,,,,,,,,,,
9,4,20,21,,,,,,,,,,,,,,,,,
10,9,20,21,,,,,,,,,,,,,,,,,
13,11,16,21,,,,,,,,,,,,,,,,,
2,16,13,20,21,,,,,,,,,,,,,,,,
4,1,20,21,,,,,,,,,,,,,,,,,
16,10,3,11,7,5,4,16,13,9,21,,,,,,,,,,
9,6,3,11,9,20,21,,,,,,,,,,,,,,
13,4,12,17,20,21,,,,,,,,,,,,,,,
10,13,21,,,,,,,,,,,,,,,,,,
2,14,13,20,3,21,,,,,,,,,,,,,,,
5,10,3,21,,,,,,,,,,,,,,,,,
4,9,10,12,16,17,20,21,,,,,,,,,,,,,
1,1,14,13,12,20,21,,,,,,,,,,,,,,
10,15,13,11,16,14,20,21,,,,,,,,,,,,,
10,9,4,20,21,,,,,,,,,,,,,,,,
10,7,9,4,16,20,21,,,,,,,,,,,,,,
10,4,5,7,15,17,20,21,,,,,,,,,,,,,
3,6,9,16,13,20,21,,,,,,,,,,,,,,
16,12,4,2,12,20,21,,,,,,,,,,,,,,
10,16,20,21,,,,,,,,,,,,,,,,,
14,13,16,20,21,,,,,,,,,,,,,,,,
12,16,20,21,,,,,,,,,,,,,,,,,
6,8,20,10,9,21,,,,,,,,,,,,,,,
9,9,21,,,,,,,,,,,,,,,,,,
13,4,20,21,,,,,,,,,,,,,,,,,
3,4,13,14,4,20,21,,,,,,,,,,,,,,
9,4,2,9,20,21,,,,,,,,,,,,,,,
17,8,21,,,,,,,,,,,,,,,,,,
15,9,4,21,,,,,,,,,,,,,,,,,
13,15,20,21,,,,,,,,,,,,,,,,,
2,4,10,21,,,,,,,,,,,,,,,,,
13,9,4,20,21,,,,,,,,,,,,,,,,
10,20,21,,,,,,,,,,,,,,,,,,
1,2,10,9,13,21,,,,,,,,,,,,,,,
3,4,21,,,,,,,,,,,,,,,,,,
4,9,11,16,20,21,,,,,,,,,,,,,,,
11,16,20,21,,,,,,,,,,,,,,,,,
9,4,6,9,20,21,,,,,,,,,,,,,,,
4,17,16,20,21,,,,,,,,,,,,,,,,
2,4,11,10,9,20,21,,,,,,,,,,,,,,
1,8,3,9,17,16,20,21,,,,,,,,,,,,,
13,14,12,20,21,,,,,,,,,,,,,,,,
9,4,6,5,16,17,14,10,20,21,,,,,,,,,,,
10,3,5,6,7,21,,,,,,,,,,,,,,,
17,3,4,4,20,21,,,,,,,,,,,,,,,
10,5,4,20,9,17,21,,,,,,,,,,,,,,
9,9,12,9,20,21,,,,,,,,,,,,,,,
10,4,5,9,20,21,,,,,,,,,,,,,,,
10,9,3,4,13,21,,,,,,,,,,,,,,,
2,16,20,21,,,,,,,,,,,,,,,,,
3,9,12,17,20,21,,,,,,,,,,,,,,,
3,16,20,21,,,,,,,,,,,,,,,,,
9,2,9,20,21,,,,,,,,,,,,,,,,
2,3,6,4,11,12,10,20,21,,,,,,,,,,,,
7,8,1,9,14,20,21,,,,,,,,,,,,,,
12,11,6,4,9,13,10,3,1,2,20,21,,,,,,,,,
10,20,9,21,,,,,,,,,,,,,,,,,
6,1,2,3,4,5,20,21,,,,,,,,,,,,,
10,3,4,13,16,21,,,,,,,,,,,,,,,
4,9,12,2,20,21,,,,,,,,,,,,,,,
10,1,9,21,,,,,,,,,,,,,,,,,
13,17,12,21,,,,,,,,,,,,,,,,,
10,11,20,9,21,,,,,,,,,,,,,,,,
10,11,7,21,,,,,,,,,,,,,,,,,
10,20,21,,,,,,,,,,,,,,,,,,
13,20,4,21,,,,,,,,,,,,,,,,,
9,8,6,20,21,,,,,,,,,,,,,,,,
4,13,8,6,11,12,17,20,21,,,,,,,,,,,,
10,12,12,20,21,,,,,,,,,,,,,,,,
4,5,11,7,6,9,10,14,20,21,,,,,,,,,,,
6,1,20,21,,,,,,,,,,,,,,,,,
9,2,20,21,,,,,,,,,,,,,,,,,
4,9,16,20,21,,,,,,,,,,,,,,,,
10,9,2,4,16,20,21,,,,,,,,,,,,,,
17,13,20,21,,,,,,,,,,,,,,,,,
1,2,4,6,9,10,11,12,13,14,20,21,,,,,,,,,
4,20,21,,,,,,,,,,,,,,,,,,
13,4,8,3,5,20,21,,,,,,,,,,,,,,
4,10,12,13,4,21,,,,,,,,,,,,,,,
6,20,21,,,,,,,,,,,,,,,,,,
9,11,15,20,21,,,,,,,,,,,,,,,,
3,7,8,6,5,13,21,,,,,,,,,,,,,,
12,13,5,16,12,8,12,20,21,,,,,,,,,,,,
12,10,20,21,,,,,,,,,,,,,,,,,
13,3,4,7,10,20,21,,,,,,,,,,,,,,
13,2,4,12,15,17,20,21,,,,,,,,,,,,,
9,4,16,20,21,,,,,,,,,,,,,,,,
9,4,11,13,16,21,,,,,,,,,,,,,,,
9,2,4,10,20,21,,,,,,,,,,,,,,,
9,9,4,6,4,21,,,,,,,,,,,,,,,
13,6,4,12,16,20,21,,,,,,,,,,,,,,
5,3,20,3,21,,,,,,,,,,,,,,,,
13,20,4,17,21,,,,,,,,,,,,,,,,
10,11,4,10,1,4,12,16,21,,,,,,,,,,,,
4,10,14,17,20,21,,,,,,,,,,,,,,,
11,15,20,21,,,,,,,,,,,,,,,,,
6,10,3,20,21,,,,,,,,,,,,,,,,
8,1,3,2,20,21,,,,,,,,,,,,,,,
10,9,4,5,3,20,21,,,,,,,,,,,,,,
12,13,4,1,10,15,20,21,,,,,,,,,,,,,
15,21,,,,,,,,,,,,,,,,,,,
12,8,9,11,20,21,,,,,,,,,,,,,,,
9,20,6,21,,,,,,,,,,,,,,,,,
9,2,13,21,,,,,,,,,,,,,,,,,
14,20,3,4,11,21,,,,,,,,,,,,,,,
9,11,20,21,,,,,,,,,,,,,,,,,
2,10,16,17,2,20,21,,,,,,,,,,,,,,
3,9,11,13,16,14,20,21,,,,,,,,,,,,,
1,6,4,20,21,,,,,,,,,,,,,,,,
10,9,20,21,,,,,,,,,,,,,,,,,
13,7,8,6,2,10,4,16,13,21,,,,,,,,,,,
11,13,16,20,21,,,,,,,,,,,,,,,,
13,9,20,6,21,,,,,,,,,,,,,,,,
1,10,20,21,,,,,,,,,,,,,,,,,
2,10,4,6,16,21,,,,,,,,,,,,,,,
10,2,1,16,20,2,21,,,,,,,,,,,,,,
13,16,20,13,21,,,,,,,,,,,,,,,,
10,13,20,21,,,,,,,,,,,,,,,,,
13,13,3,16,13,21,,,,,,,,,,,,,,,
1,8,13,15,20,21,,,,,,,,,,,,,,,
10,16,3,20,21,,,,,,,,,,,,,,,,
4,6,7,20,21,,,,,,,,,,,,,,,,
5,4,11,6,1,3,20,21,,,,,,,,,,,,,
12,14,20,21,,,,,,,,,,,,,,,,,
3,4,16,20,21,,,,,,,,,,,,,,,,
8,17,20,21,,,,,,,,,,,,,,,,,
2,9,3,21,,,,,,,,,,,,,,,,,
16,15,17,20,21,,,,,,,,,,,,,,,,
9,12,20,21,,,,,,,,,,,,,,,,,
9,16,10,4,3,1,20,13,15,3,21,,,,,,,,,,
6,8,20,21,,,,,,,,,,,,,,,,,
2,5,16,12,11,20,21,,,,,,,,,,,,,,
3,4,14,10,20,21,,,,,,,,,,,,,,,
9,4,10,20,21,,,,,,,,,,,,,,,,
10,7,12,16,21,,,,,,,,,,,,,,,,
5,11,20,21,,,,,,,,,,,,,,,,,
10,6,5,3,11,13,16,20,21,,,,,,,,,,,,
5,7,6,8,10,4,21,,,,,,,,,,,,,,
16,10,2,20,21,,,,,,,,,,,,,,,,
2,16,21,,,,,,,,,,,,,,,,,,
5,8,20,21,,,,,,,,,,,,,,,,,
10,4,5,9,21,,,,,,,,,,,,,,,,
17,20,12,21,,,,,,,,,,,,,,,,,
9,4,21,,,,,,,,,,,,,,,,,,
4,9,13,12,20,21,,,,,,,,,,,,,,,
17,20,21,,,,,,,,,,,,,,,,,,
10,4,5,21,,,,,,,,,,,,,,,,,
5,10,16,20,21,,,,,,,,,,,,,,,,
10,4,20,21,,,,,,,,,,,,,,,,,
10,16,3,4,11,8,13,15,21,,,,,,,,,,,,
10,7,8,11,10,17,20,21,,,,,,,,,,,,,
4,12,13,20,21,,,,,,,,,,,,,,,,
10,6,5,20,21,,,,,,,,,,,,,,,,
10,4,20,21,,,,,,,,,,,,,,,,,
6,10,11,20,21,,,,,,,,,,,,,,,,
10,17,11,20,21,,,,,,,,,,,,,,,,
11,4,20,21,,,,,,,,,,,,,,,,,
6,4,1,20,21,,,,,,,,,,,,,,,,
10,5,1,2,11,16,17,20,21,,,,,,,,,,,,
9,13,15,20,21,,,,,,,,,,,,,,,,
9,11,4,20,21,,,,,,,,,,,,,,,,
10,5,4,6,16,11,21,,,,,,,,,,,,,,
9,16,20,21,,,,,,,,,,,,,,,,,
13,9,20,21,,,,,,,,,,,,,,,,,
9,4,3,16,20,21,,,,,,,,,,,,,,,
10,3,2,13,20,21,,,,,,,,,,,,,,,
13,16,4,10,21,,,,,,,,,,,,,,,,
2,20,4,21,,,,,,,,,,,,,,,,,
9,13,20,21,,,,,,,,,,,,,,,,,
5,13,2,1,4,11,12,13,14,3,9,16,20,21,,,,,,,
10,12,11,20,21,,,,,,,,,,,,,,,,
16,13,16,21,,,,,,,,,,,,,,,,,
9,4,11,20,21,,,,,,,,,,,,,,,,
1,20,3,8,7,21,,,,,,,,,,,,,,,
5,8,11,20,21,,,,,,,,,,,,,,,,
10,7,4,5,11,20,21,,,,,,,,,,,,,,
10,11,3,21,,,,,,,,,,,,,,,,,
13,4,12,20,21,,,,,,,,,,,,,,,,
13,13,4,5,20,21,,,,,,,,,,,,,,,
13,11,4,12,16,15,13,20,21,,,,,,,,,,,,
11,4,20,21,,,,,,,,,,,,,,,,,
10,12,4,3,20,21,,,,,,,,,,,,,,,
9,4,20,21,,,,,,,,,,,,,,,,,
10,4,13,10,5,20,21,,,,,,,,,,,,,,
9,11,16,20,21,,,,,,,,,,,,,,,,
13,15,15,20,21,,,,,,,,,,,,,,,,
16,16,20,21,,,,,,,,,,,,,,,,,
13,10,3,16,21,,,,,,,,,,,,,,,,
3,10,11,6,13,8,1,20,17,21,,,,,,,,,,,
10,4,20,21,,,,,,,,,,,,,,,,,
2,16,17,20,21,,,,,,,,,,,,,,,,
4,16,15,14,13,20,21,,,,,,,,,,,,,,
1,8,16,20,21,,,,,,,,,,,,,,,,
13,9,4,20,21,,,,,,,,,,,,,,,,
3,9,4,13,16,17,20,21,,,,,,,,,,,,,
14,4,13,12,3,20,21,,,,,,,,,,,,,,
10,1,2,4,5,13,14,16,20,21,,,,,,,,,,,
1,13,20,21,,,,,,,,,,,,,,,,,
10,9,20,21,,,,,,,,,,,,,,,,,
2,16,20,21,,,,,,,,,,,,,,,,,
12,10,5,20,21,,,,,,,,,,,,,,,,
12,13,15,20,21,,,,,,,,,,,,,,,,
16,8,11,9,2,21,,,,,,,,,,,,,,,
10,3,9,6,20,21,,,,,,,,,,,,,,,
3,6,9,5,1,2,16,21,,,,,,,,,,,,,
17,16,5,4,21,,,,,,,,,,,,,,,,
12,11,17,15,21,,,,,,,,,,,,,,,,
10,20,4,21,,,,,,,,,,,,,,,,,
7,4,11,12,17,20,21,,,,,,,,,,,,,,
10,4,13,1,14,21,,,,,,,,,,,,,,,
6,12,20,21,,,,,,,,,,,,,,,,,
7,8,17,7,20,21,,,,,,,,,,,,,,,
10,13,16,20,21,,,,,,,,,,,,,,,,
13,9,20,21,,,,,,,,,,,,,,,,,
14,5,9,4,13,20,21,,,,,,,,,,,,,,
2,17,20,21,,,,,,,,,,,,,,,,,
10,4,17,20,21,,,,,,,,,,,,,,,,
16,11,10,17,21,,,,,,,,,,,,,,,,
10,9,20,21,,,,,,,,,,,,,,,,,
13,7,8,2,10,11,16,17,20,21,,,,,,,,,,,
10,4,5,11,13,20,21,,,,,,,,,,,,,,
5,13,16,15,20,21,,,,,,,,,,,,,,,
16,13,16,20,21,,,,,,,,,,,,,,,,
10,17,4,5,11,9,13,20,21,,,,,,,,,,,,
3,9,4,17,20,21,,,,,,,,,,,,,,,
13,10,21,,,,,,,,,,,,,,,,,,
3,9,10,20,21,,,,,,,,,,,,,,,,
10,3,9,9,20,21,,,,,,,,,,,,,,,
16,4,20,21,,,,,,,,,,,,,,,,,
13,10,9,5,4,11,12,3,1,9,14,16,20,21,,,,,,,
2,4,11,13,20,16,21,,,,,,,,,,,,,,
6,4,3,4,20,13,21,,,,,,,,,,,,,,
2,10,13,16,20,21,,,,,,,,,,,,,,,
9,2,17,20,21,,,,,,,,,,,,,,,,
1,8,10,17,20,21,,,,,,,,,,,,,,,
4,2,10,13,16,21,,,,,,,,,,,,,,,
9,14,20,21,,,,,,,,,,,,,,,,,
8,9,20,21,,,,,,,,,,,,,,,,,
1,2,21,,,,,,,,,,,,,,,,,,
9,4,11,16,11,20,21,,,,,,,,,,,,,,
10,11,4,16,13,20,21,,,,,,,,,,,,,,
10,13,8,20,21,,,,,,,,,,,,,,,,
2,17,20,21,,,,,,,,,,,,,,,,,
4,8,20,21,,,,,,,,,,,,,,,,,
17,17,14,15,20,21,,,,,,,,,,,,,,,
13,11,3,20,21,,,,,,,,,,,,,,,,
9,4,3,5,12,20,9,21,,,,,,,,,,,,,
10,9,16,20,17,6,7,8,13,21,,,,,,,,,,,
10,11,20,21,,,,,,,,,,,,,,,,,
10,16,3,4,16,21,,,,,,,,,,,,,,,
10,16,1,4,5,7,9,15,13,20,21,,,,,,,,,,
10,6,4,11,20,21,,,,,,,,,,,,,,,
4,11,20,21,,,,,,,,,,,,,,,,,
16,20,21,,,,,,,,,,,,,,,,,,
10,11,20,15,21,,,,,,,,,,,,,,,,
5,10,13,20,21,,,,,,,,,,,,,,,,
10,3,13,2,20,21,,,,,,,,,,,,,,,
10,2,5,6,16,20,21,,,,,,,,,,,,,,
5,16,14,20,21,,,,,,,,,,,,,,,,
10,9,4,9,4,21,,,,,,,,,,,,,,,
9,11,3,20,21,,,,,,,,,,,,,,,,
16,16,20,21,,,,,,,,,,,,,,,,,
13,9,11,21,,,,,,,,,,,,,,,,,
13,1,20,14,21,,,,,,,,,,,,,,,,
6,2,20,5,21,,,,,,,,,,,,,,,,
6,10,10,12,12,14,14,10,21,,,,,,,,,,,,
6,12,14,6,17,20,21,,,,,,,,,,,,,,
12,4,13,20,21,,,,,,,,,,,,,,,,
10,3,5,4,9,20,21,,,,,,,,,,,,,,
4,2,20,21,,,,,,,,,,,,,,,,,
13,10,20,21,,,,,,,,,,,,,,,,,
3,20,4,5,16,21,,,,,,,,,,,,,,,
16,4,6,16,20,21,,,,,,,,,,,,,,,
2,13,15,17,20,21,,,,,,,,,,,,,,,
4,20,21,,,,,,,,,,,,,,,,,,
13,13,4,3,16,20,3,4,21,,,,,,,,,,,,
10,7,4,20,21,,,,,,,,,,,,,,,,
9,11,2,4,16,21,,,,,,,,,,,,,,,
10,3,9,4,20,21,,,,,,,,,,,,,,,
10,9,11,16,20,21,,,,,,,,,,,,,,,
4,5,20,21,,,,,,,,,,,,,,,,,
10,3,4,9,20,21,,,,,,,,,,,,,,,
4,13,12,16,20,21,,,,,,,,,,,,,,,
13,2,17,15,20,21,,,,,,,,,,,,,,,
2,20,6,4,21,,,,,,,,,,,,,,,,
13,2,1,10,4,11,9,3,4,15,16,20,21,,,,,,,,
4,10,20,21,,,,,,,,,,,,,,,,,
8,5,9,13,17,15,20,21,,,,,,,,,,,,,
9,5,10,20,21,,,,,,,,,,,,,,,,
10,12,9,20,9,21,,,,,,,,,,,,,,,
10,2,3,20,15,21,,,,,,,,,,,,,,,
4,12,13,15,20,21,,,,,,,,,,,,,,,
10,7,7,11,20,16,21,,,,,,,,,,,,,,
6,3,20,9,21,,,,,,,,,,,,,,,,
1,10,14,13,20,21,,,,,,,,,,,,,,,
3,9,6,5,4,7,8,20,21,,,,,,,,,,,,
10,12,3,13,16,20,21,,,,,,,,,,,,,,
12,10,9,20,21,,,,,,,,,,,,,,,,
4,9,16,20,21,,,,,,,,,,,,,,,,
1,9,11,21,,,,,,,,,,,,,,,,,
9,4,13,20,21,,,,,,,,,,,,,,,,
4,16,13,11,10,8,21,,,,,,,,,,,,,,
16,17,20,21,,,,,,,,,,,,,,,,,
10,1,16,15,20,21,,,,,,,,,,,,,,,
9,11,7,13,12,21,,,,,,,,,,,,,,,
4,13,5,16,20,21,,,,,,,,,,,,,,,
3,10,4,11,20,16,21,,,,,,,,,,,,,,
10,9,11,16,15,17,20,21,,,,,,,,,,,,,
9,11,4,13,21,,,,,,,,,,,,,,,,
17,14,20,21,,,,,,,,,,,,,,,,,
5,15,20,21,,,,,,,,,,,,,,,,,
3,17,21,,,,,,,,,,,,,,,,,,
10,1,8,20,21,,,,,,,,,,,,,,,,
4,13,16,17,15,20,21,,,,,,,,,,,,,,
9,4,20,21,,,,,,,,,,,,,,,,,
4,10,12,11,20,21,,,,,,,,,,,,,,,
10,9,11,20,21,,,,,,,,,,,,,,,,
10,4,5,11,20,21,,,,,,,,,,,,,,,
10,9,11,5,10,12,13,9,20,21,,,,,,,,,,,
16,14,20,21,,,,,,,,,,,,,,,,,
3,5,16,3,5,20,5,14,14,16,3,16,21,,,,,,,,
1,4,13,20,21,,,,,,,,,,,,,,,,
13,9,21,,,,,,,,,,,,,,,,,,
2,13,10,8,20,21,,,,,,,,,,,,,,,
13,2,20,21,,,,,,,,,,,,,,,,,
4,5,10,20,21,,,,,,,,,,,,,,,,
10,17,15,14,21,,,,,,,,,,,,,,,,
7,3,2,10,4,10,4,20,21,,,,,,,,,,,,
9,10,20,21,,,,,,,,,,,,,,,,,
10,4,16,20,21,,,,,,,,,,,,,,,,
13,11,5,9,21,,,,,,,,,,,,,,,,
12,16,20,21,,,,,,,,,,,,,,,,,
10,5,9,11,12,13,16,16,20,21,,,,,,,,,,,
10,11,10,11,10,11,21,,,,,,,,,,,,,,
12,5,13,20,21,,,,,,,,,,,,,,,,
2,11,16,15,20,21,,,,,,,,,,,,,,,
16,6,9,20,21,,,,,,,,,,,,,,,,
13,1,6,11,4,20,21,,,,,,,,,,,,,,
2,12,4,16,5,20,21,,,,,,,,,,,,,,
13,20,21,,,,,,,,,,,,,,,,,,
9,4,11,20,21,,,,,,,,,,,,,,,,
16,4,20,21,,,,,,,,,,,,,,,,,
4,20,13,21,,,,,,,,,,,,,,,,,
4,9,20,21,,,,,,,,,,,,,,,,,
13,11,14,16,17,20,21,,,,,,,,,,,,,,
9,16,20,21,,,,,,,,,,,,,,,,,
2,20,21,,,,,,,,,,,,,,,,,,
10,4,9,12,13,16,21,,,,,,,,,,,,,,
3,4,9,20,1,10,21,,,,,,,,,,,,,,
10,7,4,13,11,5,4,20,21,,,,,,,,,,,,
10,6,5,12,3,4,16,21,,,,,,,,,,,,,
16,9,4,21,,,,,,,,,,,,,,,,,
16,20,17,15,14,21,,,,,,,,,,,,,,,
4,10,21,,,,,,,,,,,,,,,,,,
4,20,21,,,,,,,,,,,,,,,,,,
4,9,13,9,21,,,,,,,,,,,,,,,,
4,13,14,15,16,6,20,17,8,6,21,,,,,,,,,,
10,4,12,20,2,21,,,,,,,,,,,,,,,
16,9,10,13,20,21,,,,,,,,,,,,,,,
13,7,3,16,20,21,,,,,,,,,,,,,,,
16,17,20,21,,,,,,,,,,,,,,,,,
9,13,4,3,20,21,,,,,,,,,,,,,,,
16,17,20,21,,,,,,,,,,,,,,,,,
16,20,2,9,21,,,,,,,,,,,,,,,,
4,3,4,12,13,21,,,,,,,,,,,,,,,
13,9,12,20,21,,,,,,,,,,,,,,,,
3,5,11,21,,,,,,,,,,,,,,,,,
13,9,13,21,,,,,,,,,,,,,,,,,
12,11,16,6,20,21,,,,,,,,,,,,,,,
3,15,20,21,,,,,,,,,,,,,,,,,
7,1,2,9,7,4,3,10,12,13,5,8,11,16,17,21,,,,,
5,10,9,4,20,21,,,,,,,,,,,,,,,
14,20,1,21,,,,,,,,,,,,,,,,,
4,13,20,21,,,,,,,,,,,,,,,,,
9,20,16,21,,,,,,,,,,,,,,,,,
13,16,20,21,,,,,,,,,,,,,,,,,
10,17,20,21,,,,,,,,,,,,,,,,,
10,3,20,21,,,,,,,,,,,,,,,,,
4,10,21,,,,,,,,,,,,,,,,,,
3,4,9,20,21,,,,,,,,,,,,,,,,
16,20,9,21,,,,,,,,,,,,,,,,,
4,13,16,20,21,,,,,,,,,,,,,,,,
13,10,21,,,,,,,,,,,,,,,,,,
9,4,11,20,21,,,,,,,,,,,,,,,,
10,4,11,1,3,20,21,,,,,,,,,,,,,,
4,10,16,20,21,,,,,,,,,,,,,,,,
10,5,10,13,20,21,,,,,,,,,,,,,,,
10,11,9,4,3,1,15,20,21,,,,,,,,,,,,
4,11,9,21,,,,,,,,,,,,,,,,,
13,10,9,4,11,1,8,20,21,,,,,,,,,,,,
13,11,2,4,10,17,15,20,7,21,,,,,,,,,,,
15,17,20,21,,,,,,,,,,,,,,,,,
9,8,16,20,21,,,,,,,,,,,,,,,,
10,5,9,20,21,,,,,,,,,,,,,,,,
10,10,20,21,,,,,,,,,,,,,,,,,
3,4,6,20,21,,,,,,,,,,,,,,,,
13,9,4,5,20,21,,,,,,,,,,,,,,,
10,12,10,15,15,12,20,21,,,,,,,,,,,,,
13,4,16,20,21,,,,,,,,,,,,,,,,
10,9,4,9,16,21,,,,,,,,,,,,,,,
16,20,16,9,4,21,,,,,,,,,,,,,,,
4,8,6,20,21,,,,,,,,,,,,,,,,
13,15,17,20,21,,,,,,,,,,,,,,,,
10,9,20,21,,,,,,,,,,,,,,,,,
16,4,7,6,3,21,,,,,,,,,,,,,,,
10,11,4,5,21,,,,,,,,,,,,,,,,
9,12,20,21,,,,,,,,,,,,,,,,,
1,5,4,2,16,4,21,,,,,,,,,,,,,,
13,9,16,21,,,,,,,,,,,,,,,,,
13,16,21,,,,,,,,,,,,,,,,,,
13,9,16,17,20,21,,,,,,,,,,,,,,,
16,17,6,13,4,20,21,,,,,,,,,,,,,,
13,20,5,21,,,,,,,,,,,,,,,,,
10,4,1,16,2,1,16,17,14,4,16,20,21,,,,,,,,
14,20,21,,,,,,,,,,,,,,,,,,
9,3,21,,,,,,,,,,,,,,,,,,
10,11,20,21,,,,,,,,,,,,,,,,,
4,20,15,13,21,,,,,,,,,,,,,,,,
9,11,17,8,3,15,17,10,21,,,,,,,,,,,,
9,4,20,21,,,,,,,,,,,,,,,,,
11,13,20,21,,,,,,,,,,,,,,,,,
13,9,3,20,21,,,,,,,,,,,,,,,,
10,11,4,8,16,15,9,20,21,,,,,,,,,,,,
9,4,20,21,,,,,,,,,,,,,,,,,
10,10,6,4,13,20,21,,,,,,,,,,,,,,
3,11,6,5,20,4,21,,,,,,,,,,,,,,
5,9,20,16,21,,,,,,,,,,,,,,,,
13,17,20,21,,,,,,,,,,,,,,,,,
13,10,21,,,,,,,,,,,,,,,,,,
13,14,20,21,,,,,,,,,,,,,,,,,
13,16,17,20,21,,,,,,,,,,,,,,,,
10,11,16,20,21,,,,,,,,,,,,,,,,
11,4,5,21,,,,,,,,,,,,,,,,,
9,21,,,,,,,,,,,,,,,,,,,
10,2,2,13,21,,,,,,,,,,,,,,,,
5,10,20,21,,,,,,,,,,,,,,,,,
9,20,4,5,21,,,,,,,,,,,,,,,,
4,9,16,20,21,,,,,,,,,,,,,,,,
3,4,13,12,20,21,,,,,,,,,,,,,,,
3,16,20,21,,,,,,,,,,,,,,,,,
5,5,21,,,,,,,,,,,,,,,,,,
13,4,20,21,,,,,,,,,,,,,,,,,
4,16,20,21,,,,,,,,,,,,,,,,,
2,4,16,20,21,,,,,,,,,,,,,,,,
13,12,20,21,,,,,,,,,,,,,,,,,
10,20,15,21,,,,,,,,,,,,,,,,,
3,9,20,13,21,,,,,,,,,,,,,,,,
10,5,4,20,16,17,15,21,,,,,,,,,,,,,
9,16,13,4,15,21,,,,,,,,,,,,,,,
1,2,3,20,21,,,,,,,,,,,,,,,,
14,8,11,20,21,,,,,,,,,,,,,,,,
13,4,20,21,,,,,,,,,,,,,,,,,
2,4,13,17,12,20,21,,,,,,,,,,,,,,
4,11,20,21,,,,,,,,,,,,,,,,,
4,9,20,21,,,,,,,,,,,,,,,,,
2,4,13,20,21,,,,,,,,,,,,,,,,
10,10,1,20,16,21,,,,,,,,,,,,,,,
10,13,4,20,21,,,,,,,,,,,,,,,,
10,9,1,4,20,21,,,,,,,,,,,,,,,
13,4,20,21,,,,,,,,,,,,,,,,,
16,9,13,10,9,16,20,21,,,,,,,,,,,,,
9,16,20,21,,,,,,,,,,,,,,,,,
3,20,21,,,,,,,,,,,,,,,,,,
8,20,21,,,,,,,,,,,,,,,,,,
10,3,4,16,17,15,20,21,,,,,,,,,,,,,
1,12,13,20,21,,,,,,,,,,,,,,,,
10,3,20,9,21,,,,,,,,,,,,,,,,
16,13,20,21,,,,,,,,,,,,,,,,,
10,16,17,15,20,21,,,,,,,,,,,,,,,
5,16,20,21,,,,,,,,,,,,,,,,,
7,4,20,21,,,,,,,,,,,,,,,,,
3,15,20,21,,,,,,,,,,,,,,,,,
2,13,5,16,21,,,,,,,,,,,,,,,,
2,10,13,11,20,21,,,,,,,,,,,,,,,
5,6,9,4,20,21,,,,,,,,,,,,,,,
10,4,20,21,,,,,,,,,,,,,,,,,
9,13,4,20,21,,,,,,,,,,,,,,,,
13,2,17,20,21,,,,,,,,,,,,,,,,
13,17,20,21,,,,,,,,,,,,,,,,,
2,20,21,,,,,,,,,,,,,,,,,,
5,12,20,21,,,,,,,,,,,,,,,,,
9,9,20,21,,,,,,,,,,,,,,,,,
15,17,20,21,,,,,,,,,,,,,,,,,
4,11,16,9,20,21,,,,,,,,,,,,,,,
4,15,20,21,,,,,,,,,,,,,,,,,
17,16,13,20,21,,,,,,,,,,,,,,,,
8,9,13,20,21,,,,,,,,,,,,,,,,
10,3,9,21,,,,,,,,,,,,,,,,,
10,3,20,21,,,,,,,,,,,,,,,,,
4,5,9,21,,,,,,,,,,,,,,,,,
9,3,2,10,5,13,6,7,7,20,21,,,,,,,,,,
6,7,21,,,,,,,,,,,,,,,,,,
13,9,16,15,20,21,,,,,,,,,,,,,,,
1,2,20,17,21,,,,,,,,,,,,,,,,
6,3,9,7,4,20,21,,,,,,,,,,,,,,
13,2,1,4,13,20,21,,,,,,,,,,,,,,
9,3,4,21,,,,,,,,,,,,,,,,,
9,4,10,9,4,9,4,21,,,,,,,,,,,,,
1,3,11,20,21,,,,,,,,,,,,,,,,
9,3,16,21,,,,,,,,,,,,,,,,,
3,9,4,13,16,20,21,,,,,,,,,,,,,,
2,20,3,3,2,21,,,,,,,,,,,,,,,
17,15,21,,,,,,,,,,,,,,,,,,
1,6,16,20,21,,,,,,,,,,,,,,,,
3,20,21,,,,,,,,,,,,,,,,,,
9,4,20,21,,,,,,,,,,,,,,,,,
4,20,12,8,21,,,,,,,,,,,,,,,,
13,11,12,10,20,21,,,,,,,,,,,,,,,
11,4,20,21,,,,,,,,,,,,,,,,,
3,11,20,21,,,,,,,,,,,,,,,,,
10,12,2,4,20,21,,,,,,,,,,,,,,,
9,20,4,5,21,,,,,,,,,,,,,,,,
4,1,13,9,17,20,21,,,,,,,,,,,,,,
10,9,4,20,21,,,,,,,,,,,,,,,,
11,17,13,20,21,,,,,,,,,,,,,,,,
10,13,16,20,13,21,,,,,,,,,,,,,,,
3,9,20,21,,,,,,,,,,,,,,,,,
10,3,16,11,20,21,,,,,,,,,,,,,,,
13,4,5,20,21,,,,,,,,,,,,,,,,
10,9,4,21,,,,,,,,,,,,,,,,,
8,10,11,16,15,17,5,21,,,,,,,,,,,,,
4,13,20,21,,,,,,,,,,,,,,,,,
3,11,10,6,20,21,,,,,,,,,,,,,,,
13,10,11,20,21,,,,,,,,,,,,,,,,
2,20,21,,,,,,,,,,,,,,,,,,
4,9,17,20,21,,,,,,,,,,,,,,,,
3,17,20,21,,,,,,,,,,,,,,,,,
4,6,13,20,21,,,,,,,,,,,,,,,,
10,6,14,17,20,21,,,,,,,,,,,,,,,
4,14,13,20,21,,,,,,,,,,,,,,,,
13,4,13,20,21,,,,,,,,,,,,,,,,
4,11,13,20,21,,,,,,,,,,,,,,,,
17,10,4,20,21,,,,,,,,,,,,,,,,
1,6,8,7,21,,,,,,,,,,,,,,,,
2,13,16,21,,,,,,,,,,,,,,,,,
16,1,2,9,13,21,,,,,,,,,,,,,,,
4,17,20,21,,,,,,,,,,,,,,,,,
10,3,9,4,16,20,21,,,,,,,,,,,,,,
9,4,20,21,,,,,,,,,,,,,,,,,
5,8,9,11,14,16,20,21,,,,,,,,,,,,,
10,3,9,4,21,,,,,,,,,,,,,,,,
13,10,14,17,20,21,,,,,,,,,,,,,,,
10,9,20,21,,,,,,,,,,,,,,,,,
1,20,16,21,,,,,,,,,,,,,,,,,
13,4,3,20,21,,,,,,,,,,,,,,,,
10,9,1,13,20,21,,,,,,,,,,,,,,,
9,4,16,21,,,,,,,,,,,,,,,,,
10,9,3,20,21,,,,,,,,,,,,,,,,
16,13,4,21,,,,,,,,,,,,,,,,,
17,15,13,10,20,21,,,,,,,,,,,,,,,
2,11,5,8,21,,,,,,,,,,,,,,,,
9,9,9,17,17,20,21,,,,,,,,,,,,,,
11,3,9,13,20,21,,,,,,,,,,,,,,,
3,20,21,,,,,,,,,,,,,,,,,,
11,9,4,20,21,,,,,,,,,,,,,,,,
10,19,5,13,21,,,,,,,,,,,,,,,,
16,20,14,21,,,,,,,,,,,,,,,,,
9,16,20,21,,,,,,,,,,,,,,,,,
2,11,13,16,20,21,,,,,,,,,,,,,,,
10,5,4,11,16,17,12,13,3,20,15,21,,,,,,,,,
13,16,2,11,20,21,,,,,,,,,,,,,,,
10,1,9,15,20,21,,,,,,,,,,,,,,,
14,1,12,20,21,,,,,,,,,,,,,,,,
16,9,11,3,10,21,,,,,,,,,,,,,,,
6,5,21,,,,,,,,,,,,,,,,,,
4,13,20,21,,,,,,,,,,,,,,,,,
9,2,1,3,9,10,16,17,17,21,,,,,,,,,,,
2,20,21,,,,,,,,,,,,,,,,,,
10,20,21,,,,,,,,,,,,,,,,,,
15,17,20,21,,,,,,,,,,,,,,,,,
6,21,,,,,,,,,,,,,,,,,,,
2,3,2,21,,,,,,,,,,,,,,,,,
13,4,13,11,16,20,21,,,,,,,,,,,,,,
10,10,17,20,21,,,,,,,,,,,,,,,,
16,16,16,9,10,20,21,,,,,,,,,,,,,,
3,6,9,20,21,,,,,,,,,,,,,,,,
9,4,20,21,,,,,,,,,,,,,,,,,
16,10,4,20,21,,,,,,,,,,,,,,,,
2,4,9,17,6,20,21,,,,,,,,,,,,,,
15,13,20,21,,,,,,,,,,,,,,,,,
6,4,9,20,21,,,,,,,,,,,,,,,,
5,20,21,,,,,,,,,,,,,,,,,,
11,20,21,,,,,,,,,,,,,,,,,,
4,13,20,21,,,,,,,,,,,,,,,,,
10,14,9,20,21,,,,,,,,,,,,,,,,
9,4,6,21,,,,,,,,,,,,,,,,,
10,4,20,21,,,,,,,,,,,,,,,,,
11,20,21,,,,,,,,,,,,,,,,,,
3,4,20,21,,,,,,,,,,,,,,,,,
2,20,17,21,,,,,,,,,,,,,,,,,
12,13,8,9,15,21,,,,,,,,,,,,,,,
3,9,4,7,20,21,,,,,,,,,,,,,,,
9,13,20,21,,,,,,,,,,,,,,,,,
7,11,5,4,15,16,20,21,,,,,,,,,,,,,
17,15,14,16,13,21,,,,,,,,,,,,,,,
10,11,13,21,,,,,,,,,,,,,,,,,
2,3,9,16,13,10,21,,,,,,,,,,,,,,
1,4,13,2,4,10,13,8,21,,,,,,,,,,,,
9,4,13,20,21,,,,,,,,,,,,,,,,
13,9,10,21,,,,,,,,,,,,,,,,,
17,17,21,,,,,,,,,,,,,,,,,,
9,3,4,6,9,20,21,,,,,,,,,,,,,,
8,12,2,10,20,21,,,,,,,,,,,,,,,
4,17,17,20,21,,,,,,,,,,,,,,,,
10,9,13,16,4,20,21,,,,,,,,,,,,,,
10,3,4,6,20,21,,,,,,,,,,,,,,,
13,12,10,21,,,,,,,,,,,,,,,,,
10,9,8,20,21,,,,,,,,,,,,,,,,
6,10,1,17,6,21,,,,,,,,,,,,,,,
13,14,16,2,20,21,,,,,,,,,,,,,,,
9,10,20,21,,,,,,,,,,,,,,,,,
10,11,20,21,,,,,,,,,,,,,,,,,
1,9,20,21,,,,,,,,,,,,,,,,,
9,10,21,,,,,,,,,,,,,,,,,,
2,13,20,15,21,,,,,,,,,,,,,,,,
10,3,20,21,,,,,,,,,,,,,,,,,
9,4,3,16,13,20,21,,,,,,,,,,,,,,
10,9,4,20,21,,,,,,,,,,,,,,,,
17,11,13,14,1,20,1,12,21,,,,,,,,,,,,
3,4,10,14,20,21,,,,,,,,,,,,,,,
10,13,3,9,20,21,,,,,,,,,,,,,,,
1,20,21,,,,,,,,,,,,,,,,,,
1,20,21,,,,,,,,,,,,,,,,,,
5,7,20,21,,,,,,,,,,,,,,,,,
4,20,16,21,,,,,,,,,,,,,,,,,
3,4,9,20,21,,,,,,,,,,,,,,,,
3,9,4,21,,,,,,,,,,,,,,,,,
3,20,21,,,,,,,,,,,,,,,,,,
16,15,17,5,4,13,9,21,,,,,,,,,,,,,
16,3,21,,,,,,,,,,,,,,,,,,
16,4,5,17,13,21,,,,,,,,,,,,,,,
13,3,20,21,,,,,,,,,,,,,,,,,
9,4,20,21,,,,,,,,,,,,,,,,,
9,12,5,13,16,20,21,,,,,,,,,,,,,,
16,20,21,,,,,,,,,,,,,,,,,,
3,13,20,21,,,,,,,,,,,,,,,,,
10,2,10,20,21,,,,,,,,,,,,,,,,
4,11,12,13,17,20,21,,,,,,,,,,,,,,
13,17,5,16,20,21,,,,,,,,,,,,,,,
9,20,17,21,,,,,,,,,,,,,,,,,
2,10,20,21,,,,,,,,,,,,,,,,,
1,2,20,21,,,,,,,,,,,,,,,,,
14,4,12,20,21,,,,,,,,,,,,,,,,
17,9,21,,,,,,,,,,,,,,,,,,
10,16,21,,,,,,,,,,,,,,,,,,
1,2,5,9,12,15,13,20,21,,,,,,,,,,,,
10,7,5,11,20,4,16,15,21,,,,,,,,,,,,
4,20,21,,,,,,,,,,,,,,,,,,
9,10,1,20,21,,,,,,,,,,,,,,,,
2,20,21,,,,,,,,,,,,,,,,,,
13,12,21,,,,,,,,,,,,,,,,,,
8,17,4,3,6,11,15,20,21,,,,,,,,,,,,
4,13,20,21,,,,,,,,,,,,,,,,,
7,10,11,11,20,21,,,,,,,,,,,,,,,
9,20,3,21,,,,,,,,,,,,,,,,,
13,5,11,12,5,2,15,20,21,,,,,,,,,,,,
2,3,15,20,21,,,,,,,,,,,,,,,,
11,12,20,21,,,,,,,,,,,,,,,,,
14,9,20,17,21,,,,,,,,,,,,,,,,
4,8,12,14,20,21,,,,,,,,,,,,,,,
3,4,5,20,21,,,,,,,,,,,,,,,,
13,9,16,20,21,,,,,,,,,,,,,,,,
2,10,1,3,9,13,12,19,20,21,,,,,,,,,,,
6,6,4,20,21,,,,,,,,,,,,,,,,
10,16,3,4,5,11,9,15,1,12,13,12,17,16,20,21,,,,,
1,2,20,21,,,,,,,,,,,,,,,,,
10,5,20,21,,,,,,,,,,,,,,,,,
9,4,9,16,15,9,4,4,10,21,,,,,,,,,,,
6,7,9,20,21,,,,,,,,,,,,,,,,
10,3,4,20,21,,,,,,,,,,,,,,,,
2,4,5,13,20,21,,,,,,,,,,,,,,,
9,16,20,9,21,,,,,,,,,,,,,,,,
1,8,12,13,8,12,7,21,,,,,,,,,,,,,
10,11,9,4,9,7,3,20,21,,,,,,,,,,,,
1,20,8,21,,,,,,,,,,,,,,,,,
10,3,16,14,7,4,1,21,,,,,,,,,,,,,
1,2,6,4,6,17,21,,,,,,,,,,,,,,
2,3,10,20,21,,,,,,,,,,,,,,,,
13,14,20,21,,,,,,,,,,,,,,,,,
4,7,9,20,21,,,,,,,,,,,,,,,,
16,13,20,21,,,,,,,,,,,,,,,,,
2,4,10,12,20,21,,,,,,,,,,,,,,,
9,3,10,20,21,,,,,,,,,,,,,,,,
1,3,18,20,21,,,,,,,,,,,,,,,,
1,1,8,1,20,8,21,,,,,,,,,,,,,,
3,15,17,20,21,,,,,,,,,,,,,,,,
4,8,12,16,13,10,20,21,,,,,,,,,,,,,
3,4,16,20,21,,,,,,,,,,,,,,,,
10,7,11,15,20,21,,,,,,,,,,,,,,,
2,15,20,21,,,,,,,,,,,,,,,,,
4,10,1,21,,,,,,,,,,,,,,,,,
10,4,20,21,,,,,,,,,,,,,,,,,
4,12,20,21,,,,,,,,,,,,,,,,,
2,9,16,20,21,,,,,,,,,,,,,,,,
4,10,13,15,20,21,,,,,,,,,,,,,,,
3,6,17,20,21,,,,,,,,,,,,,,,,
10,1,9,11,7,16,17,20,21,,,,,,,,,,,,
15,1,20,21,,,,,,,,,,,,,,,,,
3,4,16,15,20,21,,,,,,,,,,,,,,,
5,6,16,20,21,,,,,,,,,,,,,,,,
2,1,6,4,20,21,,,,,,,,,,,,,,,
13,4,2,1,5,8,21,,,,,,,,,,,,,,
13,17,10,20,21,,,,,,,,,,,,,,,,
4,12,21,,,,,,,,,,,,,,,,,,
13,3,20,21,,,,,,,,,,,,,,,,,
13,10,20,21,,,,,,,,,,,,,,,,,
11,20,21,,,,,,,,,,,,,,,,,,
1,16,3,20,21,,,,,,,,,,,,,,,,
3,9,4,20,21,,,,,,,,,,,,,,,,
9,13,20,15,21,,,,,,,,,,,,,,,,
2,13,14,12,2,20,21,,,,,,,,,,,,,,
11,3,9,20,21,,,,,,,,,,,,,,,,
13,15,20,21,,,,,,,,,,,,,,,,,
6,4,20,21,,,,,,,,,,,,,,,,,
10,10,16,20,21,,,,,,,,,,,,,,,,
5,13,13,14,14,20,21,,,,,,,,,,,,,,
10,14,4,20,21,,,,,,,,,,,,,,,,
16,4,11,13,21,,,,,,,,,,,,,,,,
10,2,4,3,17,13,12,20,21,,,,,,,,,,,,
11,12,10,11,13,21,,,,,,,,,,,,,,,
16,17,21,,,,,,,,,,,,,,,,,,
4,14,20,21,,,,,,,,,,,,,,,,,
1,4,13,8,20,21,,,,,,,,,,,,,,,
1,15,5,20,21,,,,,,,,,,,,,,,,
13,10,9,4,1,20,21,,,,,,,,,,,,,,
10,4,5,20,21,,,,,,,,,,,,,,,,
10,9,3,10,13,9,20,21,,,,,,,,,,,,,
10,13,14,20,21,,,,,,,,,,,,,,,,
1,2,2,10,1,20,21,,,,,,,,,,,,,,
2,11,5,4,11,10,7,13,19,21,,,,,,,,,,,
4,17,1,20,21,,,,,,,,,,,,,,,,
2,12,2,20,21,,,,,,,,,,,,,,,,
19,16,13,21,,,,,,,,,,,,,,,,,
13,4,20,21,,,,,,,,,,,,,,,,,
2,5,11,4,21,,,,,,,,,,,,,,,,
10,5,9,2,1,20,4,16,21,,,,,,,,,,,,
2,9,20,21,,,,,,,,,,,,,,,,,
10,5,4,3,9,1,8,4,21,,,,,,,,,,,,
10,11,17,16,4,21,,,,,,,,,,,,,,,
3,4,20,21,,,,,,,,,,,,,,,,,
10,4,11,13,16,20,21,,,,,,,,,,,,,,
3,8,9,3,17,18,20,21,,,,,,,,,,,,,
13,10,16,20,21,,,,,,,,,,,,,,,,
5,20,21,,,,,,,,,,,,,,,,,,
16,20,15,21,,,,,,,,,,,,,,,,,
2,10,9,8,13,17,15,14,8,9,20,21,,,,,,,,,
4,8,13,1,14,7,20,21,,,,,,,,,,,,,
1,1,12,12,21,,,,,,,,,,,,,,,,
8,7,20,21,,,,,,,,,,,,,,,,,
10,6,7,19,3,4,11,19,16,13,20,21,,,,,,,,,
10,4,20,21,,,,,,,,,,,,,,,,,
9,20,21,,,,,,,,,,,,,,,,,,
11,3,4,9,15,21,,,,,,,,,,,,,,,
10,9,4,13,16,14,20,21,,,,,,,,,,,,,
10,7,4,14,20,21,,,,,,,,,,,,,,,
4,7,8,20,21,,,,,,,,,,,,,,,,
10,20,21,,,,,,,,,,,,,,,,,,
9,13,20,21,,,,,,,,,,,,,,,,,
13,3,16,21,,,,,,,,,,,,,,,,,
1,10,7,11,5,4,20,21,,,,,,,,,,,,,
1,3,4,13,20,21,,,,,,,,,,,,,,,
10,8,1,2,3,11,20,21,,,,,,,,,,,,,
10,1,7,9,17,20,21,,,,,,,,,,,,,,
10,9,13,21,,,,,,,,,,,,,,,,,
4,20,21,,,,,,,,,,,,,,,,,,
10,4,13,19,12,13,10,12,10,13,19,12,4,21,,,,,,,
3,11,20,21,,,,,,,,,,,,,,,,,
8,5,11,12,15,6,9,4,16,20,21,,,,,,,,,,
3,4,9,20,21,,,,,,,,,,,,,,,,
3,4,11,20,21,,,,,,,,,,,,,,,,
4,3,20,4,21,,,,,,,,,,,,,,,,
10,13,2,1,13,20,21,,,,,,,,,,,,,,
13,5,20,5,13,21,,,,,,,,,,,,,,,
10,9,16,15,21,,,,,,,,,,,,,,,,
2,6,21,,,,,,,,,,,,,,,,,,
4,5,6,17,20,21,,,,,,,,,,,,,,,
13,20,21,,,,,,,,,,,,,,,,,,
4,12,10,13,20,21,,,,,,,,,,,,,,,
9,4,21,,,,,,,,,,,,,,,,,,
13,14,20,21,,,,,,,,,,,,,,,,,
10,11,20,21,,,,,,,,,,,,,,,,,
10,9,1,21,,,,,,,,,,,,,,,,,
5,4,20,21,,,,,,,,,,,,,,,,,
9,11,10,2,16,15,13,2,20,15,21,,,,,,,,,,
9,7,8,14,11,20,21,,,,,,,,,,,,,,
7,4,20,21,,,,,,,,,,,,,,,,,
3,16,3,20,21,,,,,,,,,,,,,,,,
10,2,4,9,20,21,,,,,,,,,,,,,,,
3,20,21,,,,,,,,,,,,,,,,,,
4,9,16,20,21,,,,,,,,,,,,,,,,
1,16,20,21,,,,,,,,,,,,,,,,,
13,10,16,3,8,1,4,20,21,,,,,,,,,,,,
15,7,14,20,21,,,,,,,,,,,,,,,,
9,14,20,21,,,,,,,,,,,,,,,,,
16,10,1,4,20,21,,,,,,,,,,,,,,,
10,3,4,20,21,,,,,,,,,,,,,,,,
9,16,15,20,21,,,,,,,,,,,,,,,,
10,13,4,9,16,15,17,10,21,,,,,,,,,,,,
1,4,9,10,12,20,21,,,,,,,,,,,,,,
4,13,5,14,16,21,,,,,,,,,,,,,,,
10,9,2,2,12,13,20,21,,,,,,,,,,,,,
2,9,10,20,21,,,,,,,,,,,,,,,,
13,15,20,21,,,,,,,,,,,,,,,,,
2,16,20,21,,,,,,,,,,,,,,,,,
2,16,20,21,,,,,,,,,,,,,,,,,
13,14,9,16,17,20,15,21,,,,,,,,,,,,,
10,11,13,4,9,11,4,13,16,21,,,,,,,,,,,
10,13,4,17,20,21,,,,,,,,,,,,,,,
10,12,13,10,4,20,21,,,,,,,,,,,,,,
10,13,4,6,9,16,8,20,21,,,,,,,,,,,,
16,17,19,20,21,,,,,,,,,,,,,,,,
10,9,16,20,21,,,,,,,,,,,,,,,,
10,6,4,3,5,7,8,6,10,20,10,21,,,,,,,,,
2,15,21,,,,,,,,,,,,,,,,,,
4,9,16,21,,,,,,,,,,,,,,,,,
8,3,4,11,10,16,20,21,,,,,,,,,,,,,
13,16,20,21,,,,,,,,,,,,,,,,,
10,9,4,5,13,20,16,21,,,,,,,,,,,,,
2,10,3,13,20,21,,,,,,,,,,,,,,,
13,2,20,21,,,,,,,,,,,,,,,,,
13,3,20,21,,,,,,,,,,,,,,,,,
13,16,15,17,20,21,,,,,,,,,,,,,,,
10,6,8,9,6,21,,,,,,,,,,,,,,,
13,16,19,13,16,10,10,13,21,,,,,,,,,,,,
10,9,13,4,3,10,6,5,11,17,16,13,21,,,,,,,,
13,12,2,4,20,21,,,,,,,,,,,,,,,
10,7,5,3,20,21,,,,,,,,,,,,,,,
2,4,16,20,21,,,,,,,,,,,,,,,,
10,2,20,6,4,2,21,,,,,,,,,,,,,,
11,9,11,21,,,,,,,,,,,,,,,,,
10,12,13,14,20,21,,,,,,,,,,,,,,,
9,4,13,20,21,,,,,,,,,,,,,,,,
16,2,7,9,10,4,21,,,,,,,,,,,,,,
4,16,13,20,21,,,,,,,,,,,,,,,,
6,7,5,21,,,,,,,,,,,,,,,,,
9,4,20,21,,,,,,,,,,,,,,,,,
10,4,13,20,21,,,,,,,,,,,,,,,,
11,4,20,21,,,,,,,,,,,,,,,,,
13,1,4,16,11,4,21,,,,,,,,,,,,,,
6,4,10,20,21,,,,,,,,,,,,,,,,
3,4,5,17,20,21,,,,,,,,,,,,,,,
12,13,12,21,,,,,,,,,,,,,,,,,
13,13,20,21,,,,,,,,,,,,,,,,,
13,11,20,21,,,,,,,,,,,,,,,,,
10,15,20,21,,,,,,,,,,,,,,,,,
9,10,11,17,20,21,,,,,,,,,,,,,,,
4,10,15,20,21,,,,,,,,,,,,,,,,
8,17,12,17,7,10,20,21,,,,,,,,,,,,,
10,20,21,,,,,,,,,,,,,,,,,,
18,1,3,4,9,16,20,21,,,,,,,,,,,,,
4,9,17,20,21,,,,,,,,,,,,,,,,
10,13,5,21,,,,,,,,,,,,,,,,,
2,12,20,21,,,,,,,,,,,,,,,,,
9,20,13,12,21,,,,,,,,,,,,,,,,
1,4,3,11,21,,,,,,,,,,,,,,,,
2,17,20,21,,,,,,,,,,,,,,,,,
9,12,2,8,10,20,21,,,,,,,,,,,,,,
13,16,15,20,21,,,,,,,,,,,,,,,,
3,16,17,20,12,17,21,,,,,,,,,,,,,,
9,2,4,16,17,20,21,,,,,,,,,,,,,,
10,4,9,16,15,20,21,,,,,,,,,,,,,,
13,16,17,4,20,21,,,,,,,,,,,,,,,
1,4,20,16,21,,,,,,,,,,,,,,,,
16,17,21,,,,,,,,,,,,,,,,,,
9,9,6,21,,,,,,,,,,,,,,,,,
10,9,13,16,20,21,,,,,,,,,,,,,,,
10,1,3,4,5,11,20,21,,,,,,,,,,,,,
2,16,14,20,21,,,,,,,,,,,,,,,,
3,4,13,4,17,8,21,,,,,,,,,,,,,,
13,10,11,4,16,14,21,,,,,,,,,,,,,,
13,9,4,17,20,21,,,,,,,,,,,,,,,
10,11,4,2,3,12,19,21,,,,,,,,,,,,,
12,13,4,9,17,16,15,20,21,,,,,,,,,,,,
8,13,8,21,,,,,,,,,,,,,,,,,
9,13,21,,,,,,,,,,,,,,,,,,
3,4,16,20,21,,,,,,,,,,,,,,,,
4,9,20,21,,,,,,,,,,,,,,,,,
9,2,1,16,15,4,21,,,,,,,,,,,,,,
1,2,3,14,9,16,8,4,21,,,,,,,,,,,,
4,10,12,17,20,21,,,,,,,,,,,,,,,
12,3,20,21,,,,,,,,,,,,,,,,,
3,7,12,20,21,,,,,,,,,,,,,,,,
1,20,21,,,,,,,,,,,,,,,,,,
13,14,20,21,,,,,,,,,,,,,,,,,
13,3,9,4,20,21,,,,,,,,,,,,,,,
2,4,13,6,17,9,9,20,21,,,,,,,,,,,,
4,13,2,1,7,9,11,21,,,,,,,,,,,,,
13,2,1,3,8,11,16,17,20,21,,,,,,,,,,,
10,13,4,20,21,,,,,,,,,,,,,,,,
13,10,9,6,4,21,,,,,,,,,,,,,,,
10,11,16,20,21,,,,,,,,,,,,,,,,
5,20,21,,,,,,,,,,,,,,,,,,
8,4,13,20,21,,,,,,,,,,,,,,,,
2,1,4,16,17,19,20,21,,,,,,,,,,,,,
10,19,3,20,21,,,,,,,,,,,,,,,,
8,12,8,12,8,12,20,21,,,,,,,,,,,,,
16,9,20,10,21,,,,,,,,,,,,,,,,
3,9,4,11,13,16,20,21,,,,,,,,,,,,,
4,9,10,6,7,14,16,15,20,21,,,,,,,,,,,
8,4,16,20,21,,,,,,,,,,,,,,,,
13,4,21,,,,,,,,,,,,,,,,,,
10,13,10,11,7,8,4,13,16,13,20,21,,,,,,,,,
9,3,11,4,10,13,20,21,,,,,,,,,,,,,
12,1,4,20,19,19,21,,,,,,,,,,,,,,
2,13,4,21,,,,,,,,,,,,,,,,,
13,12,2,1,21,,,,,,,,,,,,,,,,
10,6,11,4,20,21,,,,,,,,,,,,,,,
13,11,10,9,4,3,16,15,20,21,,,,,,,,,,,
16,10,6,4,13,20,21,,,,,,,,,,,,,,
10,3,4,8,20,21,,,,,,,,,,,,,,,
13,4,16,17,20,21,,,,,,,,,,,,,,,
10,9,3,11,16,14,20,21,,,,,,,,,,,,,
4,7,20,21,,,,,,,,,,,,,,,,,
10,11,15,11,16,20,21,,,,,,,,,,,,,,
11,9,12,20,21,,,,,,,,,,,,,,,,
12,16,20,21,,,,,,,,,,,,,,,,,
9,10,20,21,,,,,,,,,,,,,,,,,
13,16,16,10,4,20,21,,,,,,,,,,,,,,
9,16,4,17,20,21,,,,,,,,,,,,,,,
10,2,9,3,5,4,11,21,,,,,,,,,,,,,
3,4,10,20,5,9,11,13,16,17,21,,,,,,,,,,
12,13,20,8,21,,,,,,,,,,,,,,,,
10,11,4,1,21,,,,,,,,,,,,,,,,
2,4,5,17,15,10,11,4,5,21,,,,,,,,,,,
9,16,17,20,21,,,,,,,,,,,,,,,,
4,9,20,21,,,,,,,,,,,,,,,,,
13,11,20,21,,,,,,,,,,,,,,,,,
10,4,11,13,9,7,12,20,21,,,,,,,,,,,,
10,4,2,11,13,20,21,,,,,,,,,,,,,,
8,12,17,20,21,,,,,,,,,,,,,,,,
13,5,2,20,21,,,,,,,,,,,,,,,,
13,10,11,5,17,20,21,,,,,,,,,,,,,,
11,4,13,5,15,16,20,21,,,,,,,,,,,,,
19,10,20,21,,,,,,,,,,,,,,,,,
13,11,20,21,,,,,,,,,,,,,,,,,
9,1,4,13,20,21,,,,,,,,,,,,,,,
9,9,4,20,21,,,,,,,,,,,,,,,,
10,5,16,2,20,21,,,,,,,,,,,,,,,
10,11,5,3,13,6,8,9,16,17,21,,,,,,,,,,
12,1,20,21,,,,,,,,,,,,,,,,,
16,15,17,15,14,16,20,16,14,21,,,,,,,,,,,
4,12,20,21,,,,,,,,,,,,,,,,,
10,1,3,16,14,4,11,17,20,6,21,,,,,,,,,,
3,16,13,4,11,11,16,20,21,,,,,,,,,,,,
2,13,20,17,21,,,,,,,,,,,,,,,,
4,12,15,20,21,,,,,,,,,,,,,,,,
11,9,20,21,,,,,,,,,,,,,,,,,
13,4,2,21,,,,,,,,,,,,,,,,,
12,4,20,21,,,,,,,,,,,,,,,,,
4,5,15,17,20,21,,,,,,,,,,,,,,,
13,4,10,21,,,,,,,,,,,,,,,,,
13,16,13,16,20,21,,,,,,,,,,,,,,,
10,4,20,13,21,,,,,,,,,,,,,,,,
2,16,20,21,,,,,,,,,,,,,,,,,
7,11,17,20,21,,,,,,,,,,,,,,,,
10,2,5,20,16,21,,,,,,,,,,,,,,,
3,20,21,,,,,,,,,,,,,,,,,,
10,9,13,9,9,16,15,21,,,,,,,,,,,,,
10,19,10,17,20,21,,,,,,,,,,,,,,,
13,10,4,3,14,19,9,11,16,17,15,20,21,,,,,,,,
9,11,6,4,13,20,21,,,,,,,,,,,,,,
9,4,5,6,11,10,9,21,,,,,,,,,,,,,
13,4,14,12,11,3,20,21,,,,,,,,,,,,,
10,11,4,13,9,20,21,,,,,,,,,,,,,,
5,20,21,,,,,,,,,,,,,,,,,,
3,9,11,20,21,,,,,,,,,,,,,,,,
2,9,11,4,16,15,20,21,,,,,,,,,,,,,
10,3,5,6,4,9,17,20,21,,,,,,,,,,,,
10,4,20,21,,,,,,,,,,,,,,,,,
11,4,10,20,21,,,,,,,,,,,,,,,,
16,13,4,20,21,,,,,,,,,,,,,,,,
10,13,3,9,4,17,20,21,,,,,,,,,,,,,
13,15,20,21,,,,,,,,,,,,,,,,,
16,15,21,,,,,,,,,,,,,,,,,,
13,12,15,14,20,21,,,,,,,,,,,,,,,
14,7,7,14,20,14,13,13,13,21,,,,,,,,,,,
9,6,10,16,20,21,,,,,,,,,,,,,,,
6,4,13,16,20,21,,,,,,,,,,,,,,,
10,9,20,21,,,,,,,,,,,,,,,,,
12,4,13,15,20,21,,,,,,,,,,,,,,,
9,10,5,13,21,,,,,,,,,,,,,,,,
9,3,10,4,6,7,8,11,1,3,20,21,,,,,,,,,
6,4,3,13,11,13,20,21,,,,,,,,,,,,,
2,1,4,3,9,10,11,13,12,14,15,17,16,19,20,21,,,,,
10,11,4,13,16,20,17,21,,,,,,,,,,,,,
10,4,10,6,13,21,,,,,,,,,,,,,,,
3,20,21,,,,,,,,,,,,,,,,,,
3,6,10,20,21,,,,,,,,,,,,,,,,
10,12,13,14,7,6,3,15,16,20,21,,,,,,,,,,
13,5,20,21,,,,,,,,,,,,,,,,,
13,4,20,21,,,,,,,,,,,,,,,,,
13,4,10,5,20,21,,,,,,,,,,,,,,,
13,13,20,21,,,,,,,,,,,,,,,,,
10,9,13,9,13,21,,,,,,,,,,,,,,,
16,10,13,9,14,21,,,,,,,,,,,,,,,
13,2,4,14,21,,,,,,,,,,,,,,,,
3,4,5,8,13,21,,,,,,,,,,,,,,,
15,20,21,,,,,,,,,,,,,,,,,,
10,13,15,20,21,,,,,,,,,,,,,,,,
10,9,20,21,,,,,,,,,,,,,,,,,
10,11,4,12,14,13,15,20,21,,,,,,,,,,,,
9,3,13,12,11,4,5,6,8,14,16,20,21,,,,,,,,
4,12,15,21,,,,,,,,,,,,,,,,,
10,4,9,13,17,20,21,,,,,,,,,,,,,,
9,4,16,15,20,21,,,,,,,,,,,,,,,
13,10,5,21,,,,,,,,,,,,,,,,,
8,14,16,16,20,21,,,,,,,,,,,,,,,
10,11,9,13,20,21,,,,,,,,,,,,,,,
12,14,20,21,,,,,,,,,,,,,,,,,
10,3,5,9,11,13,16,21,,,,,,,,,,,,,
1,3,16,21,,,,,,,,,,,,,,,,,
1,20,9,21,,,,,,,,,,,,,,,,,
1,16,20,21,,,,,,,,,,,,,,,,,
2,11,16,13,21,,,,,,,,,,,,,,,,
10,8,3,4,5,10,11,17,20,21,,,,,,,,,,,
9,13,14,20,21,,,,,,,,,,,,,,,,
10,4,3,5,9,11,13,8,2,21,,,,,,,,,,,
4,10,15,17,20,21,,,,,,,,,,,,,,,
2,6,13,20,9,21,,,,,,,,,,,,,,,
14,17,13,20,21,,,,,,,,,,,,,,,,
2,4,13,10,20,21,,,,,,,,,,,,,,,
1,4,6,11,12,13,14,15,16,20,21,,,,,,,,,,
10,9,3,21,,,,,,,,,,,,,,,,,
3,9,20,21,,,,,,,,,,,,,,,,,
4,1,8,17,16,20,21,,,,,,,,,,,,,,
7,6,10,4,9,3,16,21,,,,,,,,,,,,,
10,16,20,21,,,,,,,,,,,,,,,,,
3,20,21,,,,,,,,,,,,,,,,,,
10,6,4,21,,,,,,,,,,,,,,,,,
2,13,14,14,2,20,14,21,,,,,,,,,,,,,
2,13,17,4,21,,,,,,,,,,,,,,,,
10,13,6,12,4,16,21,,,,,,,,,,,,,,
12,4,20,21,,,,,,,,,,,,,,,,,
13,4,9,20,21,,,,,,,,,,,,,,,,
10,19,11,9,1,20,21,,,,,,,,,,,,,,
9,3,4,15,20,21,,,,,,,,,,,,,,,
10,4,11,12,17,21,,,,,,,,,,,,,,,
19,13,4,20,21,,,,,,,,,,,,,,,,
16,4,17,10,20,21,,,,,,,,,,,,,,,
13,4,5,2,15,20,21,,,,,,,,,,,,,,
19,1,20,1,19,1,21,,,,,,,,,,,,,,
16,7,4,20,21,,,,,,,,,,,,,,,,
11,4,10,3,20,21,,,,,,,,,,,,,,,
13,12,11,10,2,20,21,,,,,,,,,,,,,,
13,10,20,21,,,,,,,,,,,,,,,,,
10,9,3,4,16,21,,,,,,,,,,,,,,,
4,10,9,16,15,20,21,,,,,,,,,,,,,,
10,3,4,20,17,16,14,21,,,,,,,,,,,,,
4,13,2,17,15,20,21,,,,,,,,,,,,,,
13,10,3,21,,,,,,,,,,,,,,,,,
1,6,17,10,20,21,,,,,,,,,,,,,,,
2,4,13,20,21,,,,,,,,,,,,,,,,
3,13,16,20,21,,,,,,,,,,,,,,,,
11,9,3,21,,,,,,,,,,,,,,,,,
13,16,14,20,21,,,,,,,,,,,,,,,,
9,11,20,21,,,,,,,,,,,,,,,,,
13,10,12,14,20,21,,,,,,,,,,,,,,,
10,12,20,21,,,,,,,,,,,,,,,,,
10,11,4,16,13,20,21,,,,,,,,,,,,,,
10,11,1,2,3,1,2,4,9,3,11,9,11,20,21,,,,,,
11,4,17,15,20,21,,,,,,,,,,,,,,,
2,9,20,21,,,,,,,,,,,,,,,,,
2,12,20,21,,,,,,,,,,,,,,,,,
2,4,16,20,21,,,,,,,,,,,,,,,,
13,11,14,4,20,21,,,,,,,,,,,,,,,
12,13,10,9,6,4,11,21,,,,,,,,,,,,,
10,13,20,21,,,,,,,,,,,,,,,,,
10,4,20,21,,,,,,,,,,,,,,,,,
10,20,13,21,,,,,,,,,,,,,,,,,
4,3,20,21,,,,,,,,,,,,,,,,,
1,9,10,20,21,,,,,,,,,,,,,,,,
2,4,21,,,,,,,,,,,,,,,,,,
1,8,20,21,,,,,,,,,,,,,,,,,
12,13,20,21,,,,,,,,,,,,,,,,,
10,3,20,21,,,,,,,,,,,,,,,,,
2,3,4,6,9,10,11,16,21,,,,,,,,,,,,
11,20,21,,,,,,,,,,,,,,,,,,
4,13,10,16,17,3,6,21,,,,,,,,,,,,,
4,6,13,20,21,,,,,,,,,,,,,,,,
13,11,4,2,20,21,,,,,,,,,,,,,,,
4,6,10,20,21,,,,,,,,,,,,,,,,
9,3,20,21,,,,,,,,,,,,,,,,,
2,20,13,21,,,,,,,,,,,,,,,,,
17,16,20,21,,,,,,,,,,,,,,,,,
10,9,16,20,21,,,,,,,,,,,,,,,,
1,20,21,,,,,,,,,,,,,,,,,,
9,4,1,16,20,21,,,,,,,,,,,,,,,
4,16,20,21,,,,,,,,,,,,,,,,,
13,15,20,21,,,,,,,,,,,,,,,,,
16,10,9,20,21,,,,,,,,,,,,,,,,
9,4,16,17,4,20,21,,,,,,,,,,,,,,
9,5,20,21,,,,,,,,,,,,,,,,,
3,4,3,6,20,21,,,,,,,,,,,,,,,
2,17,16,20,21,,,,,,,,,,,,,,,,
13,9,20,21,,,,,,,,,,,,,,,,,
1,6,5,10,21,,,,,,,,,,,,,,,,
4,5,20,21,,,,,,,,,,,,,,,,,
13,5,9,21,,,,,,,,,,,,,,,,,
1,3,20,16,21,,,,,,,,,,,,,,,,
1,2,20,21,,,,,,,,,,,,,,,,,
13,2,10,4,21,,,,,,,,,,,,,,,,
2,10,9,7,13,8,20,21,,,,,,,,,,,,,
2,11,20,21,,,,,,,,,,,,,,,,,
10,16,21,,,,,,,,,,,,,,,,,,
2,10,11,20,21,,,,,,,,,,,,,,,,
1,4,6,14,15,3,14,20,21,,,,,,,,,,,,
4,13,4,13,14,3,14,20,21,,,,,,,,,,,,
4,11,13,14,15,20,21,,,,,,,,,,,,,,
5,6,3,4,17,20,21,,,,,,,,,,,,,,
10,20,9,21,,,,,,,,,,,,,,,,,
2,3,9,10,12,6,20,21,,,,,,,,,,,,,
10,4,9,4,21,,,,,,,,,,,,,,,,
10,4,11,16,20,21,,,,,,,,,,,,,,,
13,11,5,21,,,,,,,,,,,,,,,,,
4,10,20,21,,,,,,,,,,,,,,,,,
13,15,17,20,21,,,,,,,,,,,,,,,,
8,4,13,16,17,15,13,20,21,,,,,,,,,,,,
10,10,20,21,,,,,,,,,,,,,,,,,
2,4,5,15,20,21,,,,,,,,,,,,,,,
1,2,13,14,20,21,,,,,,,,,,,,,,,
10,9,4,19,13,14,17,16,11,21,,,,,,,,,,,
17,14,12,4,13,21,,,,,,,,,,,,,,,
10,11,4,3,9,11,20,21,,,,,,,,,,,,,
15,13,20,21,,,,,,,,,,,,,,,,,
10,1,2,3,16,15,13,14,20,21,,,,,,,,,,,
4,6,8,11,16,20,21,,,,,,,,,,,,,,
13,10,21,,,,,,,,,,,,,,,,,,
3,4,20,21,,,,,,,,,,,,,,,,,
9,11,16,20,21,,,,,,,,,,,,,,,,
9,4,10,16,20,21,,,,,,,,,,,,,,,
19,14,9,4,20,21,,,,,,,,,,,,,,,
11,4,16,21,,,,,,,,,,,,,,,,,
16,17,20,21,,,,,,,,,,,,,,,,,
13,4,19,17,20,21,,,,,,,,,,,,,,,
9,16,10,21,,,,,,,,,,,,,,,,,
10,20,21,,,,,,,,,,,,,,,,,,
9,10,3,20,21,,,,,,,,,,,,,,,,
10,9,4,5,20,21,,,,,,,,,,,,,,,
2,17,15,20,21,,,,,,,,,,,,,,,,
1,4,6,7,20,21,,,,,,,,,,,,,,,
2,4,21,,,,,,,,,,,,,,,,,,
16,9,10,11,4,13,12,16,20,21,,,,,,,,,,,
4,11,16,4,20,21,,,,,,,,,,,,,,,
6,13,20,21,,,,,,,,,,,,,,,,,
3,11,16,20,21,,,,,,,,,,,,,,,,
9,4,11,20,21,,,,,,,,,,,,,,,,
13,11,17,2,4,9,13,20,21,,,,,,,,,,,,
13,12,10,4,2,19,20,21,,,,,,,,,,,,,
13,19,4,12,20,21,,,,,,,,,,,,,,,
2,3,20,21,,,,,,,,,,,,,,,,,
1,1,1,20,21,,,,,,,,,,,,,,,,
4,14,6,14,5,14,5,20,21,,,,,,,,,,,,
3,5,21,,,,,,,,,,,,,,,,,,
9,17,20,21,,,,,,,,,,,,,,,,,
10,20,21,,,,,,,,,,,,,,,,,,
2,3,9,20,21,,,,,,,,,,,,,,,,
16,16,11,20,21,,,,,,,,,,,,,,,,
3,20,21,,,,,,,,,,,,,,,,,,
5,4,20,21,,,,,,,,,,,,,,,,,
13,4,20,21,,,,,,,,,,,,,,,,,
10,2,3,9,11,9,4,20,21,,,,,,,,,,,,
1,16,17,20,1,21,,,,,,,,,,,,,,,
3,4,7,8,16,17,14,13,20,21,,,,,,,,,,,
10,2,13,20,21,,,,,,,,,,,,,,,,
10,9,3,4,20,9,21,,,,,,,,,,,,,,
3,4,5,11,8,20,21,,,,,,,,,,,,,,
10,4,13,11,20,21,,,,,,,,,,,,,,,
2,2,11,3,20,21,,,,,,,,,,,,,,,
3,4,6,8,9,11,13,14,20,21,,,,,,,,,,,
10,4,5,6,1,2,3,9,7,13,20,21,,,,,,,,,
8,7,3,4,8,21,,,,,,,,,,,,,,,
13,20,21,,,,,,,,,,,,,,,,,,
10,4,7,5,9,11,20,16,21,,,,,,,,,,,,
3,4,20,21,,,,,,,,,,,,,,,,,
10,11,4,20,21,,,,,,,,,,,,,,,,
1,4,13,20,21,,,,,,,,,,,,,,,,
1,15,12,7,20,21,,,,,,,,,,,,,,,
9,4,13,16,15,17,20,21,,,,,,,,,,,,,
10,4,5,13,3,16,20,21,,,,,,,,,,,,,
10,9,5,20,21,,,,,,,,,,,,,,,,
1,2,20,21,,,,,,,,,,,,,,,,,
9,20,21,,,,,,,,,,,,,,,,,,
10,4,5,6,3,3,16,15,17,20,21,,,,,,,,,,
11,4,10,5,21,,,,,,,,,,,,,,,,
4,10,9,2,1,5,13,12,15,16,17,20,21,,,,,,,,
8,20,10,9,21,,,,,,,,,,,,,,,,
4,5,20,21,,,,,,,,,,,,,,,,,
13,11,16,21,,,,,,,,,,,,,,,,,
2,3,1,10,11,6,9,5,12,4,20,21,,,,,,,,,
10,9,20,21,,,,,,,,,,,,,,,,,
13,12,4,3,1,4,21,,,,,,,,,,,,,,
10,9,11,3,20,21,,,,,,,,,,,,,,,
9,4,11,13,20,21,,,,,,,,,,,,,,,
9,10,6,11,16,17,20,21,,,,,,,,,,,,,
16,4,20,21,,,,,,,,,,,,,,,,,
4,10,14,16,4,20,14,16,21,,,,,,,,,,,,
10,13,15,17,20,21,,,,,,,,,,,,,,,
7,18,20,21,,,,,,,,,,,,,,,,,
10,2,4,10,12,20,21,,,,,,,,,,,,,,
4,2,8,14,20,21,,,,,,,,,,,,,,,
13,16,13,20,21,,,,,,,,,,,,,,,,
3,7,20,21,,,,,,,,,,,,,,,,,
4,8,5,10,20,21,,,,,,,,,,,,,,,
1,13,12,17,9,21,,,,,,,,,,,,,,,
4,3,20,21,,,,,,,,,,,,,,,,,
12,3,20,21,,,,,,,,,,,,,,,,,
10,16,20,21,,,,,,,,,,,,,,,,,
8,9,14,20,21,,,,,,,,,,,,,,,,
10,4,8,6,21,,,,,,,,,,,,,,,,
9,12,20,21,,,,,,,,,,,,,,,,,
8,2,20,21,,,,,,,,,,,,,,,,,
12,4,13,3,17,17,20,21,,,,,,,,,,,,,
16,3,10,4,6,4,21,,,,,,,,,,,,,,
13,19,20,2,4,21,,,,,,,,,,,,,,,
9,11,4,20,21,,,,,,,,,,,,,,,,
8,19,20,21,,,,,,,,,,,,,,,,,
10,2,3,11,5,4,20,16,21,,,,,,,,,,,,
11,14,20,21,,,,,,,,,,,,,,,,,
10,9,11,14,18,20,21,,,,,,,,,,,,,,
4,15,20,21,,,,,,,,,,,,,,,,,
11,20,21,,,,,,,,,,,,,,,,,,
1,4,5,7,8,11,13,14,17,19,20,21,,,,,,,,,
2,11,12,20,21,,,,,,,,,,,,,,,,
14,9,6,9,14,16,14,20,21,,,,,,,,,,,,
4,21,,,,,,,,,,,,,,,,,,,
13,10,4,21,,,,,,,,,,,,,,,,,
4,9,20,21,,,,,,,,,,,,,,,,,
13,10,15,20,21,,,,,,,,,,,,,,,,
8,4,6,9,21,,,,,,,,,,,,,,,,
1,2,16,20,21,,,,,,,,,,,,,,,,
4,6,14,20,21,,,,,,,,,,,,,,,,
10,9,4,13,21,,,,,,,,,,,,,,,,
10,4,11,16,17,13,20,21,,,,,,,,,,,,,
9,17,15,12,4,13,20,21,,,,,,,,,,,,,
2,10,1,13,20,21,,,,,,,,,,,,,,,
9,9,11,13,15,16,20,21,,,,,,,,,,,,,
1,17,20,14,21,,,,,,,,,,,,,,,,
1,3,9,20,21,,,,,,,,,,,,,,,,
11,9,20,21,,,,,,,,,,,,,,,,,
10,4,1,13,12,20,21,,,,,,,,,,,,,,
2,11,12,20,21,,,,,,,,,,,,,,,,
3,20,10,19,21,,,,,,,,,,,,,,,,
9,2,1,3,9,11,13,12,4,19,16,15,21,,,,,,,,
11,11,10,20,21,,,,,,,,,,,,,,,,
13,4,10,3,11,20,21,,,,,,,,,,,,,,
13,17,20,21,,,,,,,,,,,,,,,,,
13,16,15,20,21,,,,,,,,,,,,,,,,
4,20,21,,,,,,,,,,,,,,,,,,
16,8,20,21,,,,,,,,,,,,,,,,,
13,10,11,9,4,16,15,13,4,20,21,,,,,,,,,,
10,4,14,21,,,,,,,,,,,,,,,,,
2,2,10,13,20,16,15,21,,,,,,,,,,,,,
5,4,9,4,5,12,11,9,10,21,,,,,,,,,,,
13,16,15,13,20,21,,,,,,,,,,,,,,,
16,14,9,21,,,,,,,,,,,,,,,,,
10,9,4,13,21,,,,,,,,,,,,,,,,
1,9,8,16,20,21,,,,,,,,,,,,,,,
4,13,20,21,,,,,,,,,,,,,,,,,
10,2,10,9,4,21,,,,,,,,,,,,,,,
4,11,21,,,,,,,,,,,,,,,,,,
13,10,15,21,,,,,,,,,,,,,,,,,
3,9,11,4,20,21,,,,,,,,,,,,,,,
10,4,7,4,11,10,20,21,,,,,,,,,,,,,
6,4,8,15,20,21,,,,,,,,,,,,,,,
1,3,13,15,16,9,12,17,17,9,20,21,,,,,,,,,
2,4,17,20,21,,,,,,,,,,,,,,,,
4,2,3,20,21,,,,,,,,,,,,,,,,
10,4,13,8,7,20,21,,,,,,,,,,,,,,
10,4,20,21,,,,,,,,,,,,,,,,,
13,16,3,20,21,,,,,,,,,,,,,,,,
9,4,17,20,21,,,,,,,,,,,,,,,,
11,8,13,2,20,21,,,,,,,,,,,,,,,
1,3,8,9,20,21,,,,,,,,,,,,,,,
4,3,16,20,21,,,,,,,,,,,,,,,,
1,9,11,4,5,9,3,7,10,12,16,17,20,21,,,,,,,
10,11,20,21,,,,,,,,,,,,,,,,,
2,4,9,4,20,21,,,,,,,,,,,,,,,
13,4,6,20,21,,,,,,,,,,,,,,,,
4,8,9,10,16,20,21,,,,,,,,,,,,,,
12,13,4,5,20,21,,,,,,,,,,,,,,,
13,8,4,5,20,21,,,,,,,,,,,,,,,
3,8,20,21,,,,,,,,,,,,,,,,,
10,16,6,7,21,,,,,,,,,,,,,,,,
4,12,13,10,17,20,21,,,,,,,,,,,,,,
4,19,10,11,20,21,,,,,,,,,,,,,,,
10,20,16,21,,,,,,,,,,,,,,,,,
2,12,20,21,,,,,,,,,,,,,,,,,
6,10,3,11,8,4,20,21,,,,,,,,,,,,,
10,20,3,6,6,10,14,6,3,10,21,,,,,,,,,,
10,4,8,9,21,,,,,,,,,,,,,,,,
17,10,4,13,17,5,13,11,20,21,,,,,,,,,,,
3,6,9,20,21,,,,,,,,,,,,,,,,
4,12,9,17,20,21,,,,,,,,,,,,,,,
10,16,20,21,,,,,,,,,,,,,,,,,
13,19,21,,,,,,,,,,,,,,,,,,
6,6,9,21,,,,,,,,,,,,,,,,,
10,11,1,3,5,20,21,,,,,,,,,,,,,,
9,4,5,8,3,1,6,7,10,11,21,,,,,,,,,,
10,3,9,4,11,9,20,21,,,,,,,,,,,,,
9,20,16,21,,,,,,,,,,,,,,,,,
9,1,10,13,16,21,,,,,,,,,,,,,,,
6,10,13,3,16,20,21,,,,,,,,,,,,,,
8,10,20,21,,,,,,,,,,,,,,,,,
12,13,10,9,11,16,20,21,,,,,,,,,,,,,
13,11,20,21,,,,,,,,,,,,,,,,,
10,13,20,21,,,,,,,,,,,,,,,,,
12,20,17,21,,,,,,,,,,,,,,,,,
13,9,5,8,6,21,,,,,,,,,,,,,,,
4,10,9,20,21,,,,,,,,,,,,,,,,
9,9,5,13,16,21,,,,,,,,,,,,,,,
11,4,16,20,21,,,,,,,,,,,,,,,,
10,5,2,20,21,,,,,,,,,,,,,,,,
3,13,12,4,21,,,,,,,,,,,,,,,,
3,14,20,10,21,,,,,,,,,,,,,,,,
16,13,11,10,9,4,11,20,21,,,,,,,,,,,,
10,3,20,1,21,,,,,,,,,,,,,,,,
12,13,20,21,,,,,,,,,,,,,,,,,
10,3,9,4,20,21,,,,,,,,,,,,,,,
3,8,20,21,,,,,,,,,,,,,,,,,
16,13,9,4,11,21,,,,,,,,,,,,,,,
10,20,16,4,21,,,,,,,,,,,,,,,,
10,6,9,3,16,20,21,,,,,,,,,,,,,,
6,3,7,8,5,4,11,9,16,17,20,21,,,,,,,,,
4,11,3,20,21,,,,,,,,,,,,,,,,
3,8,9,9,10,11,12,20,18,16,21,,,,,,,,,,
8,12,11,11,9,10,15,9,3,1,5,11,16,15,14,5,20,21,,,
10,3,4,13,21,,,,,,,,,,,,,,,,
9,20,16,4,11,1,19,21,,,,,,,,,,,,,
10,9,4,13,21,,,,,,,,,,,,,,,,
8,9,11,21,,,,,,,,,,,,,,,,,
10,4,20,21,,,,,,,,,,,,,,,,,
10,16,21,,,,,,,,,,,,,,,,,,
13,16,2,21,,,,,,,,,,,,,,,,,
12,17,20,21,,,,,,,,,,,,,,,,,
10,13,14,10,14,13,21,,,,,,,,,,,,,,
2,20,21,,,,,,,,,,,,,,,,,,
4,5,7,8,16,17,20,21,,,,,,,,,,,,,
13,9,3,4,6,7,8,5,11,13,10,20,21,,,,,,,,
9,10,20,21,,,,,,,,,,,,,,,,,
1,3,9,10,20,21,,,,,,,,,,,,,,,
10,12,16,20,21,,,,,,,,,,,,,,,,
2,16,20,21,,,,,,,,,,,,,,,,,
9,10,11,20,10,21,,,,,,,,,,,,,,,
10,9,2,11,20,21,,,,,,,,,,,,,,,
4,10,11,9,13,17,15,20,21,,,,,,,,,,,,
13,14,6,11,1,8,2,3,4,20,21,,,,,,,,,,
2,9,1,13,14,16,21,,,,,,,,,,,,,,
9,17,20,21,,,,,,,,,,,,,,,,,
13,10,5,17,20,21,,,,,,,,,,,,,,,
9,4,11,20,21,,,,,,,,,,,,,,,,
1,9,20,11,9,21,,,,,,,,,,,,,,,
10,9,1,2,16,13,11,6,16,20,21,,,,,,,,,,
17,15,13,20,21,,,,,,,,,,,,,,,,
9,20,21,,,,,,,,,,,,,,,,,,
4,1,8,20,21,,,,,,,,,,,,,,,,
9,10,20,21,,,,,,,,,,,,,,,,,
9,4,3,8,6,21,,,,,,,,,,,,,,,
8,8,12,14,18,18,20,21,,,,,,,,,,,,,
11,4,2,17,20,21,,,,,,,,,,,,,,,
13,10,4,17,20,21,,,,,,,,,,,,,,,
14,20,21,,,,,,,,,,,,,,,,,,
10,3,11,6,4,16,20,21,,,,,,,,,,,,,
3,9,4,13,21,,,,,,,,,,,,,,,,
10,4,13,20,21,,,,,,,,,,,,,,,,
13,12,17,15,4,10,20,21,,,,,,,,,,,,,
12,1,8,3,20,21,,,,,,,,,,,,,,,
9,3,16,17,20,21,,,,,,,,,,,,,,,
12,10,2,20,21,,,,,,,,,,,,,,,,
4,9,5,10,12,21,,,,,,,,,,,,,,,
10,6,3,4,20,21,,,,,,,,,,,,,,,
16,15,20,21,,,,,,,,,,,,,,,,,
9,3,2,4,10,16,13,21,,,,,,,,,,,,,
11,20,21,,,,,,,,,,,,,,,,,,
12,14,9,15,20,21,,,,,,,,,,,,,,,
4,13,20,21,,,,,,,,,,,,,,,,,
3,5,14,4,20,21,,,,,,,,,,,,,,,
13,3,4,5,21,,,,,,,,,,,,,,,,
13,10,9,20,17,21,,,,,,,,,,,,,,,
10,9,1,13,20,21,,,,,,,,,,,,,,,
4,9,15,20,21,,,,,,,,,,,,,,,,
2,5,9,20,21,,,,,,,,,,,,,,,,
13,12,10,9,16,15,17,14,20,21,,,,,,,,,,,
10,13,20,21,,,,,,,,,,,,,,,,,
13,4,16,15,13,20,21,,,,,,,,,,,,,,
15,16,20,15,21,,,,,,,,,,,,,,,,
12,10,4,5,21,,,,,,,,,,,,,,,,
2,4,11,12,13,20,21,,,,,,,,,,,,,,
14,13,14,8,21,,,,,,,,,,,,,,,,
3,16,20,21,,,,,,,,,,,,,,,,,
10,20,12,21,,,,,,,,,,,,,,,,,
11,10,5,4,9,20,21,,,,,,,,,,,,,,
3,9,20,21,,,,,,,,,,,,,,,,,
3,11,10,14,13,16,20,21,,,,,,,,,,,,,
12,7,3,14,20,21,,,,,,,,,,,,,,,
1,10,6,17,20,21,,,,,,,,,,,,,,,
10,6,7,9,11,20,21,,,,,,,,,,,,,,
10,14,16,20,21,,,,,,,,,,,,,,,,
10,11,4,9,11,13,1,2,20,21,,,,,,,,,,,
8,16,12,16,16,3,14,21,,,,,,,,,,,,,
4,10,20,21,,,,,,,,,,,,,,,,,
10,9,4,6,5,13,16,20,21,,,,,,,,,,,,
3,7,7,3,7,13,17,20,21,,,,,,,,,,,,
13,11,4,20,21,,,,,,,,,,,,,,,,
8,16,5,14,20,21,,,,,,,,,,,,,,,
10,20,4,21,,,,,,,,,,,,,,,,,
6,7,11,17,18,20,21,,,,,,,,,,,,,,
1,17,4,20,21,,,,,,,,,,,,,,,,
2,13,2,13,20,9,21,,,,,,,,,,,,,,
10,13,20,21,,,,,,,,,,,,,,,,,
12,10,5,17,20,21,,,,,,,,,,,,,,,
3,4,18,20,21,,,,,,,,,,,,,,,,
2,8,4,14,20,21,,,,,,,,,,,,,,,
10,9,3,12,4,20,21,,,,,,,,,,,,,,
10,13,12,4,14,9,3,17,20,21,,,,,,,,,,,
14,15,15,20,21,,,,,,,,,,,,,,,,
2,16,20,21,,,,,,,,,,,,,,,,,
3,3,6,10,10,3,10,16,20,21,,,,,,,,,,,
5,14,5,14,5,14,20,21,,,,,,,,,,,,,
19,4,1,12,20,21,,,,,,,,,,,,,,,
10,11,16,17,21,,,,,,,,,,,,,,,,
11,12,13,16,17,18,20,21,,,,,,,,,,,,,
10,14,16,13,2,20,21,,,,,,,,,,,,,,
9,9,20,10,16,17,9,8,1,13,21,,,,,,,,,,
10,4,20,21,,,,,,,,,,,,,,,,,
11,20,21,,,,,,,,,,,,,,,,,,
10,13,16,4,9,8,7,21,,,,,,,,,,,,,
2,20,10,7,4,21,,,,,,,,,,,,,,,
10,15,13,16,20,21,,,,,,,,,,,,,,,
16,11,20,21,,,,,,,,,,,,,,,,,
17,15,20,21,,,,,,,,,,,,,,,,,
4,6,10,13,20,21,,,,,,,,,,,,,,,
13,12,4,20,21,,,,,,,,,,,,,,,,
12,13,20,21,,,,,,,,,,,,,,,,,
4,14,4,14,4,14,20,21,,,,,,,,,,,,,
10,4,13,17,20,21,,,,,,,,,,,,,,,
10,4,20,21,,,,,,,,,,,,,,,,,
6,1,4,3,13,12,20,21,,,,,,,,,,,,,
13,15,4,9,20,21,,,,,,,,,,,,,,,
1,1,6,1,12,20,12,21,,,,,,,,,,,,,
13,9,10,19,2,1,20,21,,,,,,,,,,,,,
10,4,11,13,20,21,,,,,,,,,,,,,,,
13,10,4,12,16,20,21,,,,,,,,,,,,,,
11,3,4,8,9,17,20,21,,,,,,,,,,,,,
13,20,14,2,21,,,,,,,,,,,,,,,,
3,4,5,7,11,15,20,21,,,,,,,,,,,,,
6,9,21,,,,,,,,,,,,,,,,,,
8,13,4,2,1,20,21,,,,,,,,,,,,,,
14,20,21,,,,,,,,,,,,,,,,,,
13,9,15,20,21,,,,,,,,,,,,,,,,
4,10,9,21,,,,,,,,,,,,,,,,,
11,3,5,16,16,21,,,,,,,,,,,,,,,
2,1,15,13,20,21,,,,,,,,,,,,,,,
9,10,20,11,21,,,,,,,,,,,,,,,,
10,13,2,4,9,6,12,14,20,21,,,,,,,,,,,
16,17,21,,,,,,,,,,,,,,,,,,
2,1,16,6,11,20,13,16,21,,,,,,,,,,,,
3,4,8,21,,,,,,,,,,,,,,,,,
1,13,13,20,21,,,,,,,,,,,,,,,,
2,13,14,3,2,15,20,21,,,,,,,,,,,,,
9,4,16,21,,,,,,,,,,,,,,,,,
2,1,6,8,20,21,,,,,,,,,,,,,,,
3,6,20,21,,,,,,,,,,,,,,,,,
13,3,11,4,20,21,,,,,,,,,,,,,,,
3,4,10,13,20,15,21,,,,,,,,,,,,,,
10,9,16,20,21,,,,,,,,,,,,,,,,
3,4,20,21,,,,,,,,,,,,,,,,,
15,4,20,9,21,,,,,,,,,,,,,,,,
13,3,9,4,11,21,,,,,,,,,,,,,,,
10,5,4,20,21,,,,,,,,,,,,,,,,
13,4,19,4,20,21,,,,,,,,,,,,,,,
10,13,20,21,,,,,,,,,,,,,,,,,
10,6,3,4,11,13,16,20,21,,,,,,,,,,,,
12,14,4,16,17,20,21,,,,,,,,,,,,,,
3,4,1,2,4,2,9,10,20,16,21,,,,,,,,,,
13,10,9,19,9,21,,,,,,,,,,,,,,,
7,14,15,20,21,,,,,,,,,,,,,,,,
9,12,21,,,,,,,,,,,,,,,,,,
1,4,10,20,21,,,,,,,,,,,,,,,,
4,6,10,10,13,9,7,21,,,,,,,,,,,,,
10,5,9,4,3,4,2,4,11,12,13,16,15,21,,,,,,,
4,13,17,20,21,,,,,,,,,,,,,,,,
4,20,21,,,,,,,,,,,,,,,,,,
10,11,16,21,,,,,,,,,,,,,,,,,
13,16,15,11,9,20,21,,,,,,,,,,,,,,
3,5,20,2,1,4,5,11,16,21,,,,,,,,,,,
10,4,13,16,17,20,21,,,,,,,,,,,,,,
10,9,13,21,,,,,,,,,,,,,,,,,
2,9,4,13,21,,,,,,,,,,,,,,,,
2,13,20,10,2,1,13,21,,,,,,,,,,,,,
6,20,21,,,,,,,,,,,,,,,,,,
12,2,11,16,20,21,,,,,,,,,,,,,,,
2,9,20,21,,,,,,,,,,,,,,,,,
1,4,9,16,20,21,,,,,,,,,,,,,,,
1,2,10,13,20,21,,,,,,,,,,,,,,,
10,5,1,12,14,13,21,,,,,,,,,,,,,,
4,20,21,,,,,,,,,,,,,,,,,,
4,9,11,15,15,20,21,,,,,,,,,,,,,,
10,4,13,16,3,20,21,,,,,,,,,,,,,,
10,10,1,1,13,12,20,21,,,,,,,,,,,,,
4,12,11,20,21,,,,,,,,,,,,,,,,
10,16,16,20,10,21,,,,,,,,,,,,,,,
10,11,20,21,,,,,,,,,,,,,,,,,
10,4,11,13,16,10,17,11,20,21,,,,,,,,,,,
9,4,11,6,7,11,21,,,,,,,,,,,,,,
8,13,15,20,21,,,,,,,,,,,,,,,,
10,1,2,7,8,5,15,20,21,,,,,,,,,,,,
8,5,10,21,,,,,,,,,,,,,,,,,
4,15,21,,,,,,,,,,,,,,,,,,
13,11,16,20,11,21,,,,,,,,,,,,,,,
10,4,9,11,3,13,7,20,12,21,,,,,,,,,,,
4,9,10,16,20,21,,,,,,,,,,,,,,,
4,4,21,,,,,,,,,,,,,,,,,,
9,6,10,15,20,21,,,,,,,,,,,,,,,
10,13,20,15,21,,,,,,,,,,,,,,,,
10,13,21,,,,,,,,,,,,,,,,,,
13,9,15,20,21,,,,,,,,,,,,,,,,
13,11,20,21,,,,,,,,,,,,,,,,,
3,3,14,17,20,21,,,,,,,,,,,,,,,
2,13,14,3,8,20,21,,,,,,,,,,,,,,
8,8,20,17,8,6,21,,,,,,,,,,,,,,
4,11,5,9,16,21,,,,,,,,,,,,,,,
14,13,20,21,,,,,,,,,,,,,,,,,
10,11,20,13,21,,,,,,,,,,,,,,,,
5,9,12,4,17,20,21,,,,,,,,,,,,,,
13,10,11,20,21,,,,,,,,,,,,,,,,
10,7,6,12,5,11,3,9,4,16,15,17,20,21,,,,,,,
1,10,10,3,20,11,3,21,,,,,,,,,,,,,
8,9,10,4,21,,,,,,,,,,,,,,,,
2,9,20,21,,,,,,,,,,,,,,,,,
10,8,1,20,21,,,,,,,,,,,,,,,,
10,3,11,4,20,21,,,,,,,,,,,,,,,
10,1,3,4,11,13,9,20,21,,,,,,,,,,,,
10,3,8,20,21,,,,,,,,,,,,,,,,
10,9,4,3,16,13,20,21,,,,,,,,,,,,,
12,4,20,21,,,,,,,,,,,,,,,,,
1,9,16,20,21,,,,,,,,,,,,,,,,
3,4,6,16,20,21,,,,,,,,,,,,,,,
16,9,20,21,,,,,,,,,,,,,,,,,
12,3,1,2,11,7,4,16,20,17,9,21,,,,,,,,,
10,2,3,13,16,15,17,20,21,,,,,,,,,,,,
10,11,12,20,21,,,,,,,,,,,,,,,,
10,16,20,21,,,,,,,,,,,,,,,,,
13,13,2,20,21,,,,,,,,,,,,,,,,
10,9,1,20,21,,,,,,,,,,,,,,,,
2,6,12,13,20,10,5,8,21,,,,,,,,,,,,
9,21,,,,,,,,,,,,,,,,,,,
13,12,2,3,4,13,20,21,,,,,,,,,,,,,
14,3,21,,,,,,,,,,,,,,,,,,
6,3,20,21,,,,,,,,,,,,,,,,,
3,9,1,4,6,2,10,16,20,21,,,,,,,,,,,
2,4,20,21,,,,,,,,,,,,,,,,,
10,4,13,16,12,4,4,21,,,,,,,,,,,,,
3,4,5,13,19,19,20,21,,,,,,,,,,,,,
10,5,13,16,15,20,21,,,,,,,,,,,,,,
4,6,20,21,,,,,,,,,,,,,,,,,
1,4,9,20,4,8,21,,,,,,,,,,,,,,
12,1,2,2,3,3,4,6,7,4,8,11,10,11,12,11,13,13,20,21,
4,9,10,21,,,,,,,,,,,,,,,,,
13,10,1,2,4,16,20,21,,,,,,,,,,,,,
8,2,13,20,21,,,,,,,,,,,,,,,,
3,15,16,17,3,2,3,20,18,21,,,,,,,,,,,
1,10,2,14,13,20,21,,,,,,,,,,,,,,
10,4,20,21,,,,,,,,,,,,,,,,,
12,14,20,21,,,,,,,,,,,,,,,,,
2,8,10,12,14,16,18,20,21,,,,,,,,,,,,
10,1,4,5,12,13,21,,,,,,,,,,,,,,
12,4,5,20,21,,,,,,,,,,,,,,,,
2,20,21,,,,,,,,,,,,,,,,,,
10,10,3,4,9,17,15,13,21,,,,,,,,,,,,
10,4,9,20,21,,,,,,,,,,,,,,,,
2,3,20,14,21,,,,,,,,,,,,,,,,
13,11,8,4,20,21,,,,,,,,,,,,,,,
2,4,13,16,21,,,,,,,,,,,,,,,,
16,3,13,4,10,9,20,21,,,,,,,,,,,,,
1,3,9,15,8,9,10,13,11,13,20,21,,,,,,,,,
13,9,15,20,21,,,,,,,,,,,,,,,,
12,13,3,2,4,5,9,20,21,,,,,,,,,,,,
13,3,20,21,,,,,,,,,,,,,,,,,
4,1,21,,,,,,,,,,,,,,,,,,
1,2,13,4,11,10,3,12,14,16,2,20,21,,,,,,,,
13,16,20,13,21,,,,,,,,,,,,,,,,
4,12,20,21,,,,,,,,,,,,,,,,,
5,10,11,15,16,20,21,,,,,,,,,,,,,,
3,14,16,4,21,,,,,,,,,,,,,,,,
17,2,20,21,,,,,,,,,,,,,,,,,
2,16,17,21,,,,,,,,,,,,,,,,,
10,13,20,21,,,,,,,,,,,,,,,,,
13,12,4,21,,,,,,,,,,,,,,,,,
19,16,17,20,21,,,,,,,,,,,,,,,,
13,10,20,21,,,,,,,,,,,,,,,,,
10,5,11,20,21,,,,,,,,,,,,,,,,
9,17,20,21,,,,,,,,,,,,,,,,,
13,11,17,20,21,,,,,,,,,,,,,,,,
9,6,11,4,12,13,20,21,,,,,,,,,,,,,
2,3,4,21,,,,,,,,,,,,,,,,,
15,15,20,21,,,,,,,,,,,,,,,,,
13,10,3,20,21,,,,,,,,,,,,,,,,
16,8,20,21,,,,,,,,,,,,,,,,,
9,4,21,,,,,,,,,,,,,,,,,,
3,1,19,21,,,,,,,,,,,,,,,,,
7,8,11,12,1,13,20,21,,,,,,,,,,,,,
3,5,20,21,,,,,,,,,,,,,,,,,
8,20,21,,,,,,,,,,,,,,,,,,
4,13,16,20,21,,,,,,,,,,,,,,,,
9,4,15,20,21,,,,,,,,,,,,,,,,
10,9,3,11,9,15,14,17,16,10,3,17,3,9,11,20,21,,,,
10,2,1,11,9,20,21,,,,,,,,,,,,,,
13,9,11,4,3,5,9,10,13,21,,,,,,,,,,,
5,10,14,15,20,21,,,,,,,,,,,,,,,
13,10,20,21,,,,,,,,,,,,,,,,,
9,10,14,20,21,,,,,,,,,,,,,,,,
8,13,16,17,20,21,,,,,,,,,,,,,,,
3,13,10,17,20,21,,,,,,,,,,,,,,,
13,13,20,21,,,,,,,,,,,,,,,,,
1,3,7,3,2,20,21,,,,,,,,,,,,,,
2,10,4,17,5,9,7,20,4,21,,,,,,,,,,,
10,1,2,4,5,6,11,13,21,,,,,,,,,,,,
10,11,10,4,10,9,12,13,20,21,,,,,,,,,,,
8,8,16,20,9,21,,,,,,,,,,,,,,,
16,20,21,,,,,,,,,,,,,,,,,,
11,12,20,21,,,,,,,,,,,,,,,,,
11,1,20,21,,,,,,,,,,,,,,,,,
10,13,15,20,21,,,,,,,,,,,,,,,,
13,2,16,20,21,,,,,,,,,,,,,,,,
4,2,12,2,20,21,,,,,,,,,,,,,,,
6,9,17,21,,,,,,,,,,,,,,,,,
13,10,9,4,16,17,15,20,21,,,,,,,,,,,,
10,14,10,9,3,14,16,20,21,,,,,,,,,,,,
12,18,20,21,,,,,,,,,,,,,,,,,
13,10,5,6,9,4,16,15,20,21,,,,,,,,,,,
2,3,5,20,21,,,,,,,,,,,,,,,,
9,4,13,20,21,,,,,,,,,,,,,,,,
10,9,16,20,21,,,,,,,,,,,,,,,,
8,6,20,21,,,,,,,,,,,,,,,,,
11,14,20,21,,,,,,,,,,,,,,,,,
2,4,11,16,13,20,21,,,,,,,,,,,,,,
6,1,17,4,21,,,,,,,,,,,,,,,,
2,4,12,5,16,13,15,20,21,,,,,,,,,,,,
3,8,18,20,21,,,,,,,,,,,,,,,,
5,15,18,20,21,,,,,,,,,,,,,,,,
9,4,21,,,,,,,,,,,,,,,,,,
16,20,4,14,21,,,,,,,,,,,,,,,,
3,8,20,21,,,,,,,,,,,,,,,,,
3,11,20,21,,,,,,,,,,,,,,,,,
8,13,1,20,21,,,,,,,,,,,,,,,,
10,14,6,20,21,,,,,,,,,,,,,,,,
8,4,20,21,,,,,,,,,,,,,,,,,
3,5,20,21,,,,,,,,,,,,,,,,,
16,7,13,12,10,7,5,4,14,20,21,,,,,,,,,,
3,4,20,21,,,,,,,,,,,,,,,,,
19,9,20,21,,,,,,,,,,,,,,,,,
17,6,21,,,,,,,,,,,,,,,,,,
10,4,16,17,20,21,,,,,,,,,,,,,,,
5,1,8,21,,,,,,,,,,,,,,,,,
6,9,20,21,,,,,,,,,,,,,,,,,
1,3,16,21,,,,,,,,,,,,,,,,,
15,8,12,14,20,21,,,,,,,,,,,,,,,
9,20,21,,,,,,,,,,,,,,,,,,
10,5,20,6,21,,,,,,,,,,,,,,,,
1,3,7,1,9,15,12,20,21,,,,,,,,,,,,
13,10,16,20,21,,,,,,,,,,,,,,,,
10,11,8,7,15,21,,,,,,,,,,,,,,,
2,2,1,2,21,,,,,,,,,,,,,,,,
10,13,20,21,,,,,,,,,,,,,,,,,
13,15,4,20,21,,,,,,,,,,,,,,,,
9,1,4,13,20,21,,,,,,,,,,,,,,,
12,19,13,3,8,20,21,,,,,,,,,,,,,,
2,3,16,20,2,21,,,,,,,,,,,,,,,
10,12,10,10,20,21,,,,,,,,,,,,,,,
3,9,11,4,20,21,,,,,,,,,,,,,,,
2,4,14,20,21,,,,,,,,,,,,,,,,
9,4,20,1,10,21,,,,,,,,,,,,,,,
2,16,17,21,,,,,,,,,,,,,,,,,
12,15,20,21,,,,,,,,,,,,,,,,,
13,9,16,21,,,,,,,,,,,,,,,,,
3,14,20,4,1,21,,,,,,,,,,,,,,,
11,6,5,4,9,20,21,,,,,,,,,,,,,,
9,4,16,20,21,,,,,,,,,,,,,,,,
8,3,10,12,10,16,15,20,21,,,,,,,,,,,,
6,16,7,8,3,13,20,21,,,,,,,,,,,,,
4,10,13,20,21,,,,,,,,,,,,,,,,
16,9,3,20,21,,,,,,,,,,,,,,,,
10,13,1,7,20,21,,,,,,,,,,,,,,,
7,2,11,20,21,,,,,,,,,,,,,,,,
10,4,1,11,5,4,16,17,20,21,,,,,,,,,,,
10,9,4,20,21,,,,,,,,,,,,,,,,
5,10,21,,,,,,,,,,,,,,,,,,
11,17,20,21,,,,,,,,,,,,,,,,,
10,4,6,11,20,21,,,,,,,,,,,,,,,
9,1,5,20,21,,,,,,,,,,,,,,,,
9,3,4,11,10,21,,,,,,,,,,,,,,,
9,4,13,5,10,20,21,,,,,,,,,,,,,,
3,14,11,20,14,21,,,,,,,,,,,,,,,
1,4,9,4,15,21,,,,,,,,,,,,,,,
3,5,4,9,20,21,,,,,,,,,,,,,,,
2,14,9,21,,,,,,,,,,,,,,,,,
13,9,11,16,17,20,21,,,,,,,,,,,,,,
10,4,20,21,,,,,,,,,,,,,,,,,
6,3,4,13,20,21,,,,,,,,,,,,,,,
14,11,3,20,21,,,,,,,,,,,,,,,,
4,13,12,20,21,,,,,,,,,,,,,,,,
17,15,20,21,,,,,,,,,,,,,,,,,
10,9,20,12,21,,,,,,,,,,,,,,,,
10,14,20,21,,,,,,,,,,,,,,,,,
13,16,20,21,,,,,,,,,,,,,,,,,
13,7,6,4,20,21,,,,,,,,,,,,,,,
4,20,21,,,,,,,,,,,,,,,,,,
10,3,4,20,21,,,,,,,,,,,,,,,,
13,12,4,1,7,21,,,,,,,,,,,,,,,
10,3,6,13,11,14,4,20,21,,,,,,,,,,,,
13,14,4,1,20,21,,,,,,,,,,,,,,,
3,4,20,21,,,,,,,,,,,,,,,,,
1,16,20,21,,,,,,,,,,,,,,,,,
14,5,20,21,,,,,,,,,,,,,,,,,
11,9,8,15,20,21,,,,,,,,,,,,,,,
9,16,9,5,4,1,20,21,,,,,,,,,,,,,
16,13,4,20,17,21,,,,,,,,,,,,,,,
10,1,17,20,21,,,,,,,,,,,,,,,,
13,3,9,4,15,16,20,21,,,,,,,,,,,,,
10,4,20,21,,,,,,,,,,,,,,,,,
6,4,9,16,20,21,,,,,,,,,,,,,,,
9,1,6,10,13,21,,,,,,,,,,,,,,,
13,5,4,9,20,21,,,,,,,,,,,,,,,
2,10,4,20,12,13,16,21,,,,,,,,,,,,,
5,1,20,21,,,,,,,,,,,,,,,,,
2,2,20,21,,,,,,,,,,,,,,,,,
13,16,20,21,,,,,,,,,,,,,,,,,
2,1,8,7,9,21,,,,,,,,,,,,,,,
5,3,2,1,11,15,16,20,21,,,,,,,,,,,,
10,3,9,1,21,,,,,,,,,,,,,,,,
1,10,9,16,15,17,20,21,,,,,,,,,,,,,
10,13,14,4,16,5,6,21,,,,,,,,,,,,,
4,9,3,11,15,17,20,21,,,,,,,,,,,,,
7,9,18,13,20,21,,,,,,,,,,,,,,,
12,13,7,20,21,,,,,,,,,,,,,,,,
9,16,17,4,20,21,,,,,,,,,,,,,,,
11,4,13,20,21,,,,,,,,,,,,,,,,
3,8,16,11,20,21,,,,,,,,,,,,,,,
13,6,20,21,,,,,,,,,,,,,,,,,
10,11,13,10,20,16,21,,,,,,,,,,,,,,
10,13,20,21,,,,,,,,,,,,,,,,,
4,9,10,16,17,20,21,,,,,,,,,,,,,,
10,13,20,21,,,,,,,,,,,,,,,,,
4,13,16,9,21,,,,,,,,,,,,,,,,
2,12,15,21,,,,,,,,,,,,,,,,,
2,1,8,10,10,20,21,,,,,,,,,,,,,,
9,3,16,21,,,,,,,,,,,,,,,,,
10,8,9,21,,,,,,,,,,,,,,,,,
10,9,20,21,,,,,,,,,,,,,,,,,
5,4,13,20,21,,,,,,,,,,,,,,,,
2,4,21,,,,,,,,,,,,,,,,,,
10,9,11,4,20,21,,,,,,,,,,,,,,,
10,1,4,20,21,,,,,,,,,,,,,,,,
2,12,19,13,13,20,21,,,,,,,,,,,,,,
7,1,11,2,20,21,,,,,,,,,,,,,,,
9,4,16,20,21,,,,,,,,,,,,,,,,
9,20,21,,,,,,,,,,,,,,,,,,
12,13,16,4,20,21,,,,,,,,,,,,,,,
10,13,20,21,,,,,,,,,,,,,,,,,
10,6,11,5,20,21,,,,,,,,,,,,,,,
3,9,17,20,21,,,,,,,,,,,,,,,,
14,4,21,,,,,,,,,,,,,,,,,,
13,14,20,21,,,,,,,,,,,,,,,,,
8,15,17,20,21,,,,,,,,,,,,,,,,
4,6,20,21,,,,,,,,,,,,,,,,,
16,4,5,10,12,13,21,,,,,,,,,,,,,,
10,2,11,4,21,,,,,,,,,,,,,,,,
2,9,5,4,15,16,20,21,,,,,,,,,,,,,
10,2,11,13,1,4,12,21,,,,,,,,,,,,,
4,13,16,15,14,20,21,,,,,,,,,,,,,,
11,17,20,21,,,,,,,,,,,,,,,,,
10,3,1,9,4,5,11,12,13,16,20,21,,,,,,,,,
16,9,13,4,20,21,,,,,,,,,,,,,,,
1,10,12,13,14,16,20,21,,,,,,,,,,,,,
3,20,21,,,,,,,,,,,,,,,,,,
10,20,21,,,,,,,,,,,,,,,,,,
9,4,10,20,21,,,,,,,,,,,,,,,,
3,12,9,16,15,20,9,21,,,,,,,,,,,,,
1,1,3,17,17,21,,,,,,,,,,,,,,,
10,4,14,20,21,,,,,,,,,,,,,,,,
14,4,20,21,,,,,,,,,,,,,,,,,
9,10,16,20,21,,,,,,,,,,,,,,,,
13,1,10,11,16,17,15,20,21,,,,,,,,,,,,
2,1,8,13,21,,,,,,,,,,,,,,,,
4,12,14,20,21,,,,,,,,,,,,,,,,
13,16,10,5,4,11,20,21,,,,,,,,,,,,,
16,15,20,21,,,,,,,,,,,,,,,,,
10,4,12,20,21,,,,,,,,,,,,,,,,
2,7,12,11,20,21,,,,,,,,,,,,,,,
10,11,4,17,20,21,,,,,,,,,,,,,,,
10,9,20,21,,,,,,,,,,,,,,,,,
1,3,9,11,20,21,,,,,,,,,,,,,,,
9,10,11,12,4,20,21,,,,,,,,,,,,,,
2,9,4,20,21,,,,,,,,,,,,,,,,
16,6,5,4,20,21,,,,,,,,,,,,,,,
10,3,11,4,21,,,,,,,,,,,,,,,,
4,13,20,21,,,,,,,,,,,,,,,,,
4,10,15,20,21,,,,,,,,,,,,,,,,
9,10,4,13,3,7,9,20,21,,,,,,,,,,,,
1,20,1,3,1,21,,,,,,,,,,,,,,,
13,10,3,20,21,,,,,,,,,,,,,,,,
13,16,16,21,,,,,,,,,,,,,,,,,
10,4,6,11,21,,,,,,,,,,,,,,,,
3,12,8,13,20,21,,,,,,,,,,,,,,,
5,13,20,21,,,,,,,,,,,,,,,,,
10,4,16,15,17,13,20,21,,,,,,,,,,,,,
9,3,20,21,,,,,,,,,,,,,,,,,
4,5,13,20,21,,,,,,,,,,,,,,,,
4,7,20,21,,,,,,,,,,,,,,,,,
10,2,1,3,9,11,5,6,7,8,12,13,20,21,,,,,,,
2,8,10,12,20,21,,,,,,,,,,,,,,,
13,16,16,17,3,20,13,21,,,,,,,,,,,,,
2,4,20,21,,,,,,,,,,,,,,,,,
10,3,9,13,13,20,21,,,,,,,,,,,,,,
2,4,20,21,,,,,,,,,,,,,,,,,
2,20,17,21,,,,,,,,,,,,,,,,,
10,7,4,13,20,21,,,,,,,,,,,,,,,
10,4,13,20,21,,,,,,,,,,,,,,,,
5,7,20,21,,,,,,,,,,,,,,,,,
9,15,20,21,,,,,,,,,,,,,,,,,
10,16,21,,,,,,,,,,,,,,,,,,
13,9,20,21,,,,,,,,,,,,,,,,,
3,9,20,15,21,,,,,,,,,,,,,,,,
3,4,12,13,10,10,21,,,,,,,,,,,,,,
9,4,10,13,3,13,20,21,,,,,,,,,,,,,
2,11,4,13,17,16,20,21,,,,,,,,,,,,,
7,9,16,17,12,4,20,21,,,,,,,,,,,,,
9,16,20,21,,,,,,,,,,,,,,,,,
13,15,10,16,20,21,,,,,,,,,,,,,,,
1,5,20,21,,,,,,,,,,,,,,,,,
10,9,1,2,4,12,11,5,13,17,20,21,,,,,,,,,
9,4,3,15,20,21,,,,,,,,,,,,,,,
10,9,21,,,,,,,,,,,,,,,,,,
10,20,1,4,14,21,,,,,,,,,,,,,,,
19,13,12,19,21,,,,,,,,,,,,,,,,
10,11,2,1,12,11,13,4,13,16,15,16,20,21,,,,,,,
10,13,5,16,20,21,,,,,,,,,,,,,,,
13,4,8,9,20,12,13,21,,,,,,,,,,,,,
10,16,15,13,20,21,,,,,,,,,,,,,,,
10,20,1,9,15,21,,,,,,,,,,,,,,,
17,10,11,12,13,20,21,,,,,,,,,,,,,,
2,9,12,5,13,4,8,20,21,,,,,,,,,,,,
4,19,20,12,21,,,,,,,,,,,,,,,,
16,4,20,21,,,,,,,,,,,,,,,,,
3,6,4,11,16,9,2,1,20,21,,,,,,,,,,,
10,3,11,4,9,16,20,21,,,,,,,,,,,,,
7,9,1,2,3,4,16,17,8,20,21,,,,,,,,,,
10,11,12,13,4,17,20,21,,,,,,,,,,,,,
3,16,20,21,,,,,,,,,,,,,,,,,
10,19,8,20,21,,,,,,,,,,,,,,,,
10,2,3,1,8,11,13,9,16,20,21,,,,,,,,,,
13,8,6,4,3,20,21,,,,,,,,,,,,,,
12,19,20,21,,,,,,,,,,,,,,,,,
10,4,1,9,16,20,21,,,,,,,,,,,,,,
13,2,20,21,,,,,,,,,,,,,,,,,
2,4,14,20,11,10,21,,,,,,,,,,,,,,
4,5,13,20,21,,,,,,,,,,,,,,,,
1,10,9,20,21,,,,,,,,,,,,,,,,
19,4,13,11,14,15,16,20,21,,,,,,,,,,,,
4,6,10,9,12,20,21,,,,,,,,,,,,,,
14,8,20,21,,,,,,,,,,,,,,,,,
2,21,,,,,,,,,,,,,,,,,,,
5,12,11,21,,,,,,,,,,,,,,,,,
11,13,16,15,20,21,,,,,,,,,,,,,,,
4,16,18,1,11,20,21,,,,,,,,,,,,,,
14,20,12,21,,,,,,,,,,,,,,,,,
10,11,7,20,21,,,,,,,,,,,,,,,,
3,3,20,21,,,,,,,,,,,,,,,,,
18,10,3,20,21,,,,,,,,,,,,,,,,
9,11,12,20,21,,,,,,,,,,,,,,,,
16,15,20,21,,,,,,,,,,,,,,,,,
10,13,9,2,16,20,21,,,,,,,,,,,,,,
9,5,20,21,,,,,,,,,,,,,,,,,
5,5,5,10,10,1,21,,,,,,,,,,,,,,
2,13,16,20,21,,,,,,,,,,,,,,,,
12,3,21,,,,,,,,,,,,,,,,,,
2,5,13,3,9,16,19,20,21,,,,,,,,,,,,
4,10,13,16,20,21,,,,,,,,,,,,,,,
2,10,14,20,4,21,,,,,,,,,,,,,,,
9,4,5,12,13,9,20,21,,,,,,,,,,,,,
9,13,10,20,21,,,,,,,,,,,,,,,,
16,13,20,21,,,,,,,,,,,,,,,,,
6,13,20,1,21,,,,,,,,,,,,,,,,
10,7,8,9,21,,,,,,,,,,,,,,,,
9,15,4,17,4,20,21,,,,,,,,,,,,,,
15,13,4,20,21,,,,,,,,,,,,,,,,
10,10,14,14,20,21,,,,,,,,,,,,,,,
13,5,9,21,,,,,,,,,,,,,,,,,
12,13,16,19,21,,,,,,,,,,,,,,,,
13,10,14,4,21,,,,,,,,,,,,,,,,
10,20,21,,,,,,,,,,,,,,,,,,
13,16,4,20,21,,,,,,,,,,,,,,,,
2,9,21,,,,,,,,,,,,,,,,,,
13,20,21,,,,,,,,,,,,,,,,,,
10,9,15,21,,,,,,,,,,,,,,,,,
13,9,4,10,11,20,21,,,,,,,,,,,,,,
7,10,12,16,4,20,21,,,,,,,,,,,,,,
11,8,4,17,20,21,,,,,,,,,,,,,,,
10,16,6,7,1,2,13,6,21,,,,,,,,,,,,
9,12,20,21,,,,,,,,,,,,,,,,,
10,4,14,11,21,,,,,,,,,,,,,,,,
2,13,20,21,,,,,,,,,,,,,,,,,
9,11,20,21,,,,,,,,,,,,,,,,,
8,13,20,21,,,,,,,,,,,,,,,,,
10,4,11,21,,,,,,,,,,,,,,,,,
8,11,20,21,,,,,,,,,,,,,,,,,
10,4,8,13,8,4,16,20,4,21,,,,,,,,,,,
10,7,20,21,,,,,,,,,,,,,,,,,
10,11,13,14,4,20,21,,,,,,,,,,,,,,
4,14,13,14,14,21,,,,,,,,,,,,,,,
16,13,5,20,21,,,,,,,,,,,,,,,,
5,21,,,,,,,,,,,,,,,,,,,
15,17,20,21,,,,,,,,,,,,,,,,,
7,9,21,,,,,,,,,,,,,,,,,,
12,4,21,,,,,,,,,,,,,,,,,,
10,9,4,12,20,21,,,,,,,,,,,,,,,
4,7,1,2,3,9,20,21,,,,,,,,,,,,,
12,16,21,,,,,,,,,,,,,,,,,,
4,15,20,21,,,,,,,,,,,,,,,,,
10,11,8,4,9,11,20,21,,,,,,,,,,,,,
9,15,21,,,,,,,,,,,,,,,,,,
7,7,6,20,21,,,,,,,,,,,,,,,,
15,4,1,2,6,20,21,,,,,,,,,,,,,,
9,4,10,4,20,21,,,,,,,,,,,,,,,
10,9,4,21,,,,,,,,,,,,,,,,,
3,10,15,13,14,20,12,21,,,,,,,,,,,,,
4,12,20,21,,,,,,,,,,,,,,,,,
13,10,9,20,21,,,,,,,,,,,,,,,,
10,4,12,5,20,21,,,,,,,,,,,,,,,
4,11,6,20,21,,,,,,,,,,,,,,,,
17,9,20,21,,,,,,,,,,,,,,,,,
13,4,11,21,,,,,,,,,,,,,,,,,
8,10,11,3,1,18,2,20,13,12,21,,,,,,,,,,
10,20,17,21,,,,,,,,,,,,,,,,,
9,8,11,21,,,,,,,,,,,,,,,,,
16,10,20,21,,,,,,,,,,,,,,,,,
12,2,20,21,,,,,,,,,,,,,,,,,
9,20,10,21,,,,,,,,,,,,,,,,,
16,20,21,,,,,,,,,,,,,,,,,,
16,10,13,4,17,21,,,,,,,,,,,,,,,
10,1,4,20,21,,,,,,,,,,,,,,,,
10,11,4,20,21,,,,,,,,,,,,,,,,
4,14,16,13,20,21,,,,,,,,,,,,,,,
5,8,11,14,13,13,4,20,21,,,,,,,,,,,,
12,13,16,15,20,21,,,,,,,,,,,,,,,
10,5,3,6,7,20,21,,,,,,,,,,,,,,
4,13,17,20,21,,,,,,,,,,,,,,,,
3,4,13,16,20,21,,,,,,,,,,,,,,,
3,6,10,15,11,20,11,10,21,,,,,,,,,,,,
13,20,14,21,,,,,,,,,,,,,,,,,
1,4,12,20,21,,,,,,,,,,,,,,,,
9,10,11,21,,,,,,,,,,,,,,,,,
9,16,20,21,,,,,,,,,,,,,,,,,
13,8,4,9,20,21,,,,,,,,,,,,,,,
9,4,13,16,17,11,20,21,,,,,,,,,,,,,
13,12,4,14,20,21,,,,,,,,,,,,,,,
7,7,10,20,7,21,,,,,,,,,,,,,,,
10,4,20,21,,,,,,,,,,,,,,,,,
13,16,19,21,,,,,,,,,,,,,,,,,
2,20,21,,,,,,,,,,,,,,,,,,
4,5,16,20,21,,,,,,,,,,,,,,,,
2,1,12,21,,,,,,,,,,,,,,,,,
4,10,9,4,20,3,17,21,,,,,,,,,,,,,
5,10,11,9,16,13,3,19,20,21,,,,,,,,,,,
4,2,10,1,20,21,,,,,,,,,,,,,,,
16,20,21,,,,,,,,,,,,,,,,,,
13,12,4,11,19,9,21,,,,,,,,,,,,,,
13,19,10,1,2,21,,,,,,,,,,,,,,,
10,3,15,20,13,21,,,,,,,,,,,,,,,
9,4,6,10,11,17,20,21,,,,,,,,,,,,,
13,10,5,4,20,21,,,,,,,,,,,,,,,
10,4,21,,,,,,,,,,,,,,,,,,
10,4,12,21,,,,,,,,,,,,,,,,,
13,10,13,12,20,21,,,,,,,,,,,,,,,
13,4,21,,,,,,,,,,,,,,,,,,
13,8,4,15,17,14,21,,,,,,,,,,,,,,
4,1,12,20,21,,,,,,,,,,,,,,,,
10,4,11,5,6,7,21,,,,,,,,,,,,,,
16,1,20,21,,,,,,,,,,,,,,,,,
14,1,20,21,,,,,,,,,,,,,,,,,
13,19,1,20,21,,,,,,,,,,,,,,,,
5,4,21,,,,,,,,,,,,,,,,,,
1,20,6,1,21,,,,,,,,,,,,,,,,
4,5,2,1,16,13,20,6,11,7,9,21,,,,,,,,,
10,3,9,16,15,20,21,,,,,,,,,,,,,,
10,11,7,6,5,14,9,4,13,16,17,21,,,,,,,,,
13,4,13,21,,,,,,,,,,,,,,,,,
11,20,21,,,,,,,,,,,,,,,,,,
10,4,5,11,13,16,19,20,21,,,,,,,,,,,,
11,8,6,5,14,16,13,21,,,,,,,,,,,,,
4,5,15,21,,,,,,,,,,,,,,,,,
5,2,2,20,21,,,,,,,,,,,,,,,,
4,1,14,17,21,,,,,,,,,,,,,,,,
9,20,13,17,21,,,,,,,,,,,,,,,,
13,5,16,11,12,15,16,21,,,,,,,,,,,,,
13,5,16,15,4,21,,,,,,,,,,,,,,,
9,10,4,20,21,,,,,,,,,,,,,,,,
13,15,9,15,20,21,,,,,,,,,,,,,,,
4,10,6,2,7,11,21,,,,,,,,,,,,,,
9,4,20,21,,,,,,,,,,,,,,,,,
4,14,20,21,,,,,,,,,,,,,,,,,
9,20,16,21,,,,,,,,,,,,,,,,,
16,13,9,4,20,21,,,,,,,,,,,,,,,
13,3,4,16,5,10,20,21,,,,,,,,,,,,,
10,9,20,21,,,,,,,,,,,,,,,,,
10,11,6,5,13,19,20,21,,,,,,,,,,,,,
13,11,4,20,21,,,,,,,,,,,,,,,,
13,3,9,21,,,,,,,,,,,,,,,,,
11,9,20,21,,,,,,,,,,,,,,,,,
10,3,16,21,,,,,,,,,,,,,,,,,
4,13,15,21,,,,,,,,,,,,,,,,,
8,13,2,4,12,17,20,21,,,,,,,,,,,,,
3,4,16,20,21,,,,,,,,,,,,,,,,
10,5,4,16,21,,,,,,,,,,,,,,,,
10,6,7,12,20,21,,,,,,,,,,,,,,,
2,4,10,3,4,12,20,21,,,,,,,,,,,,,
13,10,3,4,14,20,21,,,,,,,,,,,,,,
10,17,3,8,20,17,21,,,,,,,,,,,,,,
11,16,13,20,21,,,,,,,,,,,,,,,,
1,13,3,10,20,21,,,,,,,,,,,,,,,
16,14,12,16,14,21,,,,,,,,,,,,,,,
3,9,10,13,16,10,4,11,13,21,,,,,,,,,,,
3,11,20,7,21,,,,,,,,,,,,,,,,
10,7,10,20,21,,,,,,,,,,,,,,,,
10,1,13,21,,,,,,,,,,,,,,,,,
1,20,21,,,,,,,,,,,,,,,,,,
13,20,10,3,9,21,,,,,,,,,,,,,,,
13,20,21,,,,,,,,,,,,,,,,,,
10,9,12,20,21,,,,,,,,,,,,,,,,
10,9,4,6,7,8,11,20,21,,,,,,,,,,,,
4,11,20,21,,,,,,,,,,,,,,,,,
9,11,4,5,6,8,16,17,20,21,,,,,,,,,,,
10,9,1,21,,,,,,,,,,,,,,,,,
5,11,20,21,,,,,,,,,,,,,,,,,
10,12,20,21,,,,,,,,,,,,,,,,,
4,9,20,21,,,,,,,,,,,,,,,,,
10,4,15,20,21,,,,,,,,,,,,,,,,
10,4,11,13,20,21,,,,,,,,,,,,,,,
16,17,10,4,15,5,20,21,,,,,,,,,,,,,
12,13,4,5,15,20,21,,,,,,,,,,,,,,
12,1,6,17,20,21,,,,,,,,,,,,,,,
7,8,4,20,21,,,,,,,,,,,,,,,,
10,14,12,17,20,21,,,,,,,,,,,,,,,
10,4,16,20,21,,,,,,,,,,,,,,,,
10,4,9,20,21,,,,,,,,,,,,,,,,
4,16,13,14,5,17,20,21,,,,,,,,,,,,,
10,9,11,7,8,5,4,1,3,12,13,14,16,15,19,20,21,,,,
2,9,12,13,13,21,,,,,,,,,,,,,,,
2,11,17,20,21,,,,,,,,,,,,,,,,
10,6,10,6,10,7,11,21,,,,,,,,,,,,,
5,20,16,21,,,,,,,,,,,,,,,,,
10,5,4,12,13,20,21,,,,,,,,,,,,,,
10,2,9,4,21,,,,,,,,,,,,,,,,
10,4,16,20,21,,,,,,,,,,,,,,,,
10,3,9,7,5,4,13,16,10,20,21,,,,,,,,,,
5,11,20,21,,,,,,,,,,,,,,,,,
9,4,13,20,16,21,,,,,,,,,,,,,,,
10,6,3,9,21,,,,,,,,,,,,,,,,
10,13,16,17,2,20,21,,,,,,,,,,,,,,
4,21,,,,,,,,,,,,,,,,,,,
14,6,20,21,,,,,,,,,,,,,,,,,
9,4,12,10,20,21,,,,,,,,,,,,,,,
2,3,11,2,20,21,,,,,,,,,,,,,,,
3,4,5,20,21,,,,,,,,,,,,,,,,
17,5,20,21,,,,,,,,,,,,,,,,,
10,11,13,12,14,9,20,2,21,,,,,,,,,,,,
10,4,8,15,16,17,12,20,21,,,,,,,,,,,,
2,4,1,5,5,9,21,,,,,,,,,,,,,,
13,12,5,4,20,21,,,,,,,,,,,,,,,
11,6,4,16,20,17,21,,,,,,,,,,,,,,
5,14,21,,,,,,,,,,,,,,,,,,
3,8,20,21,,,,,,,,,,,,,,,,,
3,9,4,20,21,,,,,,,,,,,,,,,,
13,15,5,21,,,,,,,,,,,,,,,,,
10,3,11,13,14,6,7,9,4,16,15,17,20,21,,,,,,,
13,4,16,20,21,,,,,,,,,,,,,,,,
13,12,11,9,20,21,,,,,,,,,,,,,,,
4,12,19,20,21,,,,,,,,,,,,,,,,
12,4,19,20,21,,,,,,,,,,,,,,,,
11,2,13,20,21,,,,,,,,,,,,,,,,
6,4,5,3,1,11,9,20,21,,,,,,,,,,,,
2,16,12,17,20,21,,,,,,,,,,,,,,,
4,8,13,17,20,21,,,,,,,,,,,,,,,
1,7,9,20,21,,,,,,,,,,,,,,,,
17,8,20,21,,,,,,,,,,,,,,,,,
5,3,20,21,,,,,,,,,,,,,,,,,
3,9,20,21,,,,,,,,,,,,,,,,,
2,4,20,21,,,,,,,,,,,,,,,,,
2,5,4,11,20,21,,,,,,,,,,,,,,,
1,12,15,20,21,,,,,,,,,,,,,,,,
4,3,6,16,20,1,21,,,,,,,,,,,,,,
10,6,3,20,21,,,,,,,,,,,,,,,,
13,14,16,20,21,,,,,,,,,,,,,,,,
13,7,8,10,3,16,15,17,20,21,,,,,,,,,,,
13,8,20,21,,,,,,,,,,,,,,,,,
1,2,4,8,8,13,16,20,21,,,,,,,,,,,,
14,8,2,12,20,21,,,,,,,,,,,,,,,
2,4,5,10,7,8,12,13,20,17,15,21,,,,,,,,,
13,20,21,,,,,,,,,,,,,,,,,,
8,2,4,13,9,11,16,17,20,21,,,,,,,,,,,
2,1,3,3,20,21,,,,,,,,,,,,,,,
11,16,17,3,5,20,18,21,,,,,,,,,,,,,
8,13,13,8,20,21,,,,,,,,,,,,,,,
10,9,15,20,21,,,,,,,,,,,,,,,,
7,20,21,,,,,,,,,,,,,,,,,,
14,5,6,9,20,21,,,,,,,,,,,,,,,
3,6,14,20,21,,,,,,,,,,,,,,,,
10,8,11,20,21,,,,,,,,,,,,,,,,
12,14,20,21,,,,,,,,,,,,,,,,,
4,20,10,21,,,,,,,,,,,,,,,,,
3,10,20,21,,,,,,,,,,,,,,,,,
10,4,20,21,,,,,,,,,,,,,,,,,
4,11,20,21,,,,,,,,,,,,,,,,,
10,1,5,12,20,21,,,,,,,,,,,,,,,
2,7,9,13,6,6,4,16,17,20,21,,,,,,,,,,
2,4,7,20,21,,,,,,,,,,,,,,,,
2,1,6,15,20,21,,,,,,,,,,,,,,,
4,10,13,12,20,21,,,,,,,,,,,,,,,
5,1,20,21,,,,,,,,,,,,,,,,,
18,4,3,20,21,,,,,,,,,,,,,,,,
3,14,20,21,,,,,,,,,,,,,,,,,
15,20,21,,,,,,,,,,,,,,,,,,
12,20,21,,,,,,,,,,,,,,,,,,
9,13,10,20,21,,,,,,,,,,,,,,,,
8,8,8,20,21,,,,,,,,,,,,,,,,
10,10,1,20,21,,,,,,,,,,,,,,,,
4,8,20,21,,,,,,,,,,,,,,,,,
10,9,20,21,,,,,,,,,,,,,,,,,
17,20,21,,,,,,,,,,,,,,,,,,
16,4,8,20,21,,,,,,,,,,,,,,,,
3,9,4,20,21,,,,,,,,,,,,,,,,
3,4,9,16,20,21,,,,,,,,,,,,,,,
10,9,16,17,20,21,,,,,,,,,,,,,,,
10,1,4,5,13,17,20,21,,,,,,,,,,,,,
1,20,21,,,,,,,,,,,,,,,,,,
10,6,13,2,20,21,,,,,,,,,,,,,,,
15,8,20,21,,,,,,,,,,,,,,,,,
18,20,16,21,,,,,,,,,,,,,,,,,
10,14,5,14,20,21,,,,,,,,,,,,,,,
3,20,21,,,,,,,,,,,,,,,,,,
5,13,10,13,5,10,20,21,,,,,,,,,,,,,
3,20,21,,,,,,,,,,,,,,,,,,
13,9,11,13,20,21,,,,,,,,,,,,,,,
14,18,20,21,,,,,,,,,,,,,,,,,
1,4,17,20,21,,,,,,,,,,,,,,,,
10,1,3,7,8,9,5,12,4,16,20,21,,,,,,,,,
2,13,11,17,20,21,,,,,,,,,,,,,,,
3,9,4,10,20,21,,,,,,,,,,,,,,,
11,9,13,20,21,,,,,,,,,,,,,,,,
10,3,9,20,21,,,,,,,,,,,,,,,,
6,16,16,20,17,21,,,,,,,,,,,,,,,
13,3,20,21,,,,,,,,,,,,,,,,,
3,4,20,21,,,,,,,,,,,,,,,,,
3,5,20,21,,,,,,,,,,,,,,,,,
13,11,17,20,21,,,,,,,,,,,,,,,,
3,2,20,21,,,,,,,,,,,,,,,,,
2,5,8,20,21,,,,,,,,,,,,,,,,
4,15,20,21,,,,,,,,,,,,,,,,,
1,8,10,20,21,,,,,,,,,,,,,,,,
3,20,21,,,,,,,,,,,,,,,,,,
2,16,20,21,,,,,,,,,,,,,,,,,
4,15,20,21,,,,,,,,,,,,,,,,,
1,15,20,21,,,,,,,,,,,,,,,,,
10,4,14,15,20,21,,,,,,,,,,,,,,,
17,9,4,20,21,,,,,,,,,,,,,,,,
4,4,5,12,13,2,20,21,,,,,,,,,,,,,
9,16,17,15,20,21,,,,,,,,,,,,,,,
10,6,5,4,2,9,20,21,,,,,,,,,,,,,
10,6,11,20,21,,,,,,,,,,,,,,,,
1,4,9,10,20,21,,,,,,,,,,,,,,,
