"Argentina","Books","Biographies","Online","Fem; Male",1299,"Mobile","Direct","Twitter","Shipping Details",500,140,"Chrome","Neutral","5","South America","Boomer; GenX; GenY; GenZ",497,20,163,201,21,"futureTech","EnjoyTheMoment; BeUnique; TailoredForYou"
"Argentina","Books","Fiction","Online","Fem; Male",1247,"Desktop","Google","Twitter","Shipping Details",459,127,"Internet Explorer","Neutral","8","South America","Boomer; GenX; GenY; GenZ",221,45,76,510,58,"#drinksafe","EnjoyTheMoment; BeUnique; TailoredForYou"
"Argentina","Books","Romance","Online","Fem; Male",1251,"Mobile","Direct","Twitter","Shipping Details",400,183,"Firefox","Positive","6","South America","Boomer; GenX; GenY; GenZ",271,34,105,1116,39,"#outdoor","EnjoyTheMoment; BeUnique; TailoredForYou"
"Argentina","Books","Trending Now","Online","Fem; Male",1287,"Mobile","Direct","Twitter","Shipping Details",458,195,"Internet Explorer","Positive","4","South America","Boomer; GenX; GenY; GenZ",214,26,109,783,32,"#getsporty","EnjoyTheMoment; BeUnique; TailoredForYou"
"Argentina","Electronics","Stemware","Online","Other",767,"Desktop","Yahoo","Blogs","HomePage",410,101,"Edge","Positive","3","South America","Gen Y (80 – 2000s)",413,48,101,77,25,"techieMe","Spring Summer Collection"
"Argentina","Cocktail Glasses","Stemware","Online","Female",576,"Tablet","Others","Blogs","Products",500,100,"Chrome","Negative","4","South America","Gen Z (2000s - now)",497,15,161,490,21,"#cocktailswithfriends","Go Eco"
"Argentina","Sport Shoes","Training & Gym Shoes","Online","Female",639,"Tablet","Yahoo","Facebook","HomePage",458,117,"Edge","Neutral","3","South America","Gen X (60 – 80s)",418,49,117,74,33,"#softlights","Homeware"
"Argentina","Sport Shoes","Cricket Shoes","Online","Female",822,"Mobile","Facebook","Facebook","HomePage",430,146,"Edge","Neutral","1","South America","Baby Boomers (45 – 60s)",266,39,146,129,39,"#softlights","Spring Summer Collection"
"Argentina","Décor","Candles","Online","Female",952,"Mobile","Google","Facebook","HomePage",527,109,"Internet Explorer","Neutral","1","South America","Gen Z (2000s - now)",226,33,109,139,46,"#welcomespring","Fall Winter Collection"
"Argentina","Cocktail Glasses","Dining Furniture","Online","Male",952,"Mobile","Direct","Twitter","Contact Us",491,119,"Firefox","Positive","1","South America","Baby Boomers (45 – 60s)",362,20,119,200,22,"#partytime","Seasonals"
"Argentina","Books","Favorites","Online","Fem; Male",1279,"Tablet","Yahoo","Twitter","Shipping Details",410,148,"Chrome","Positive","8","South America","Boomer; GenX; GenY; GenZ",470,47,137,299,59,"decordarling","EnjoyTheMoment; BeUnique; TailoredForYou"
"Argentina","Books","Fiction","Online","Fem; Male",1291,"Tablet","Yahoo","Twitter","Shipping Details",507,144,"Firefox","Positive","3","South America","Boomer; GenX; GenY; GenZ",375,45,180,231,54,"#partytime","EnjoyTheMoment; BeUnique; TailoredForYou"
"Argentina","Books","Romance","Online","Fem; Male",1295,"Desktop","Google","Twitter","Shipping Details",489,182,"Edge","Neutral","3","South America","Boomer; GenX; GenY; GenZ",412,37,127,341,86,"#toomucheffort","EnjoyTheMoment; BeUnique; TailoredForYou"
"Argentina","Books","History","Online","Fem; Male",1303,"Tablet","Yahoo","Twitter","Shipping Details",439,153,"Safari","Positive","8","South America","Boomer; GenX; GenY; GenZ",208,37,179,84,39,"#cocktailswithfriends","EnjoyTheMoment; BeUnique; TailoredForYou"
"Argentina","Books","Sci-fi","Online","Fem; Male",1307,"Desktop","Google","Twitter","Shipping Details",585,151,"Internet Explorer","Negative","8","South America","Boomer; GenX; GenY; GenZ",458,10,182,205,36,"#newyearsresolution","EnjoyTheMoment; BeUnique; TailoredForYou"
"Australia","Exercise","Bathroom Furniture","Online","Male",532,"Desktop","Yahoo","Blogs","Products",505,71,"Chrome","Neutral","4","Asia Pacific","Gen X (60 – 80s)",390,48,71,980,31,"#newyearsresolution","Go Eco"
"Australia","Electronics","Floor Lamps","Online","Female",897,"Mobile","Facebook","Blogs","Products",536,93,"Chrome","Negative","2","Asia Pacific","Baby Boomers (45 – 60s)",354,42,93,123,30,"techieMe","Homeware"
"Australia","Books","Travel","Online","Fem; Male",1264,"Tablet","Facebook","Blogs","Contact Us",435,100,"Chrome","Negative","5","Asia Pacific","Boomer; GenX; GenY; GenZ",392,44,120,230,59,"#boring","EnjoyTheMoment; BeUnique; TailoredForYou"
"Australia","Books","Fiction","Online","Fem; Male",1280,"Desktop","Bing","Blogs","Contact Us",455,200,"Edge","Neutral","6","Asia Pacific","Boomer; GenX; GenY; GenZ",395,32,184,825,45,"futureTech","EnjoyTheMoment; BeUnique; TailoredForYou"
"Brazil","Cocktail Glasses","Dining Furniture","Online","Male",548,"Tablet","Direct","Twitter","Contact Us",567,193,"Firefox","Positive","4","South America","Gen Y (80 – 2000s)",282,38,193,200,28,"#drinksafe","Fall Winter Collection"
"Brazil","Cocktail Glasses","Table Lamps","Online","Male",534,"Tablet","Others","Twitter","Contact Us",450,130,"Safari","Negative","2","South America","Baby Boomers (45 – 60s)",287,14,130,270,46,"#beach","Seasonals"
"Brazil","Furniture","Candles","Online","Female",527,"Desktop","Yahoo","Facebook","HomePage",579,154,"Internet Explorer","Positive","2","South America","Gen Y (80 – 2000s)",269,15,154,444,23,"#entertainment","Seasonals"
"Brazil","Electronics","Table Lamps","Online","Male",761,"Tablet","Bing","Twitter","Contact Us",462,140,"Firefox","Negative","2","South America","Gen Y (80 – 2000s)",414,41,140,91,29,"futureTech","Fun with Colors"
"Brazil","Electronics","Table Lamps","Online","Female",733,"Tablet","Bing","Forum","Shipping Details",445,168,"Internet Explorer","Positive","1","South America","Gen Y (80 – 2000s)",274,10,168,132,43,"techieMe","Tailored for You"
"Brazil","Exercise","Floor Lamps","Online","Female",602,"Tablet","Bing","Blogs","Products",516,130,"Safari","Neutral","1","South America","Gen Z (2000s - now)",396,16,130,105,28,"#newyearsresolution","Spring Summer Collection"
"Brazil","Furniture","Furniture Cushions","Online","Male",855,"Mobile","Google","Twitter","Contact Us",435,163,"Internet Explorer","Negative","3","South America","Gen Y (80 – 2000s)",400,50,163,140,28,"#outdoordining","Tailored for You"
"Brazil","Furniture","Dining Furniture","Online","Male",787,"Mobile","Others","Twitter","Shipping Details",475,98,"Internet Explorer","Positive","4","South America","Gen X (60 – 80s)",461,19,98,98,35,"#entertainment","Fun with Colors"
"Brazil","Cocktail Glasses","Table Lamps","Online","Female",637,"Mobile","Facebook","Twitter","Contact Us",596,136,"Internet Explorer","Positive","3","South America","Baby Boomers (45 – 60s)",407,43,136,447,32,"#beach","Spring Summer Collection"
"Brazil","Books","History","Online","Fem; Male",1259,"Desktop","Google","Twitter","Shipping Details",425,115,"Chrome","Negative","3","South America","Boomer; GenX; GenY; GenZ",308,39,111,475,23,"#welcomespring","EnjoyTheMoment; BeUnique; TailoredForYou"
"Brazil","Books","Children","Online","Fem; Male",1267,"Tablet","Yahoo","Twitter","Shipping Details",519,132,"Internet Explorer","Neutral","3","South America","Boomer; GenX; GenY; GenZ",283,44,82,200,92,"#entertainment","EnjoyTheMoment; BeUnique; TailoredForYou"
"Brazil","Books","Biographies","Online","Fem; Male",1255,"Tablet","Yahoo","Twitter","Shipping Details",504,113,"Edge","Positive","6","South America","Boomer; GenX; GenY; GenZ",286,41,109,63,60,"#sportsfun","EnjoyTheMoment; BeUnique; TailoredForYou"
"Brazil","Books","New Releases","Online","Fem; Male",1271,"Desktop","Google","Twitter","Shipping Details",543,112,"Firefox","Positive","8","South America","Boomer; GenX; GenY; GenZ",445,10,79,137,73,"#outdoordining","EnjoyTheMoment; BeUnique; TailoredForYou"
"Brazil","Books","Sci-fi","Online","Fem; Male",1263,"Mobile","Direct","Twitter","Shipping Details",588,174,"Safari","Negative","5","South America","Boomer; GenX; GenY; GenZ",248,44,181,796,71,"#beach","EnjoyTheMoment; BeUnique; TailoredForYou"
"Brazil","Books","Personal Development","Online","Fem; Male",1283,"Desktop","Google","Twitter","Shipping Details",499,172,"Safari","Negative","3","South America","Boomer; GenX; GenY; GenZ",471,39,198,898,94,"#boring","EnjoyTheMoment; BeUnique; TailoredForYou"
"Brazil","Books","Travel","Online","Fem; Male",1275,"Mobile","Direct","Twitter","Shipping Details",428,150,"Edge","Neutral","7","South America","Boomer; GenX; GenY; GenZ",289,26,107,392,62,"#sportyspirit","EnjoyTheMoment; BeUnique; TailoredForYou"
"Canada","Books","Personal Development","Online","Fem; Male",1250,"Desktop","Bing","Forum","Products",519,190,"Edge","Positive","4","North & Central America","Boomer; GenX; GenY; GenZ",299,34,81,445,94,"#newyearsresolution","EnjoyTheMoment; BeUnique; TailoredForYou"
"Canada","Books","Biographies","Online","Fem; Male",1266,"Mobile","Others","Forum","Products",408,141,"Firefox","Negative","6","North & Central America","Boomer; GenX; GenY; GenZ",330,14,77,45,26,"#drinksafe","EnjoyTheMoment; BeUnique; TailoredForYou"
"Canada","Books","Trending Now","Online","Fem; Male",1298,"Desktop","Bing","Forum","Products",498,139,"Safari","Neutral","8","North & Central America","Boomer; GenX; GenY; GenZ",284,31,96,337,90,"decordarling","EnjoyTheMoment; BeUnique; TailoredForYou"
"Canada","Décor","Dining Furniture","Online","Female",708,"Desktop","Facebook","Twitter","Contact Us",519,166,"Safari","Positive","2","North & Central America","Gen Z (2000s - now)",403,27,166,144,28,"decordarling","Fun with Colors"
"Canada","Exercise","Pillows","Online","Female",563,"Desktop","Direct","Blogs","Products",425,158,"Firefox","Negative","3","North & Central America","Baby Boomers (45 – 60s)",329,11,158,1720,45,"#toomucheffort","Homeware"
"Canada","Furniture","Table Lamps","Online","Female",885,"Tablet","Facebook","Twitter","Contact Us",408,184,"Firefox","Negative","3","North & Central America","Gen Z (2000s - now)",473,18,184,92,43,"#getsporty","Go Eco"
"Canada","Furniture","Dining Furniture","Online","Female",762,"Desktop","Google","Forum","Products",519,99,"Chrome","Neutral","3","North & Central America","Gen Z (2000s - now)",393,35,99,141,22,"#entertainment","Tailored for You"
"Canada","Furniture","Home Fragrances","Online","Female",518,"Tablet","Yahoo","Facebook","Products",498,159,"Edge","Neutral","3","North & Central America","Gen X (60 – 80s)",480,47,159,92,39,"#getsporty","Go Eco"
"Canada","Furniture","Cocktail Glasses","Online","Male",811,"Tablet","Yahoo","Forum","Products",538,124,"Chrome","Neutral","3","North & Central America","Gen Z (2000s - now)",497,13,124,64,42,"#entertainment","Fun with Colors"
"Canada","Cocktail Glasses","Pillows","Online","Male",855,"Tablet","Direct","Forum","Shipping Details",506,87,"Internet Explorer","Positive","1","North & Central America","Baby Boomers (45 – 60s)",203,18,87,462,42,"#drinksafe","Homeware"
"Canada","Electronics","TV and video","Online","Female",756,"Tablet","Yahoo","Twitter","Contact Us",445,200,"Firefox","Negative","1","North & Central America","Gen Y (80 – 2000s)",491,46,200,73,28,"#getsporty","Go Eco"
"Canada","Exercise","Floor Lamps","Online","Male",541,"Tablet","Direct","Blogs","HomePage",455,134,"Internet Explorer","Positive","2","North & Central America","Gen Y (80 – 2000s)",462,45,134,1756,48,"#getsporty","Spring Summer Collection"
"Canada","Sport Shoes","Walking Shoes","Online","Male",658,"Tablet","Others","Forum","Shipping Details",444,125,"Firefox","Positive","2","North & Central America","Baby Boomers (45 – 60s)",246,46,125,70,44,"#softlights","Fun with Colors"
"Canada","Cocktail Glasses","TV and video","Online","Male",898,"Tablet","Yahoo","Forum","Products",417,199,"Chrome","Neutral","1","North & Central America","Gen X (60 – 80s)",257,38,199,200,44,"#partytime","Go Eco"
"Canada","Cocktail Glasses","Table Lamps","Online","Male",747,"Tablet","Facebook","Forum","Products",438,87,"Chrome","Neutral","5","North & Central America","Gen Z (2000s - now)",478,12,87,204,35,"#weekendfun","Tailored for You"
"Canada","Cocktail Glasses","Floor Lamps","Online","Female",764,"Tablet","Bing","Forum","Shipping Details",522,138,"Internet Explorer","Positive","2","North & Central America","Gen Y (80 – 2000s)",223,25,138,436,28,"#weekendfun","Fall Winter Collection"
"Canada","Décor","Dining Furniture","Online","Male",661,"Mobile","Google","Forum","Products",455,77,"Chrome","Neutral","1","North & Central America","Gen Y (80 – 2000s)",229,23,77,89,24,"#welcomespring","Fall Winter Collection"
"Canada","Gardening","Blankets","Online","Female",916,"Mobile","Bing","Forum","Products",480,142,"Chrome","Neutral","4","North & Central America","Gen X (60 – 80s)",200,200,142,406,20,"#boring","Go Eco"
"Canada","Cocktail Glasses","Home Fragrances","Online","Female",803,"Mobile","Others","Forum","Shipping Details",584,112,"Chrome","Neutral","1","North & Central America","Gen Y (80 – 2000s)",228,40,112,422,38,"#drinksafe","Go Eco"
"Canada","Décor","Dining Furniture","Online","Female",511,"Mobile","Yahoo","Twitter","Contact Us",408,95,"Safari","Negative","4","North & Central America","Gen X (60 – 80s)",473,32,95,141,27,"#welcomespring","Seasonals"
"Canada","Décor","Cocktail Glasses","Online","Male",782,"Mobile","Direct","Facebook","Products",415,193,"Edge","Neutral","4","North & Central America","Gen Z (2000s - now)",201,12,193,70,21,"#welcomespring","Fun with Colors"
"China","Electronics","Bathroom Furniture","Online","Male",878,"Desktop","Google","Twitter","Contact Us",504,181,"Internet Explorer","Positive","4","Asia Pacific","Gen X (60 – 80s)",200,19,181,56,31,"futureTech","Fall Winter Collection"
"China","Electronics","Table Lamps","Online","Other",853,"Tablet","Others","Facebook","HomePage",575,105,"Edge","Positive","4","Asia Pacific","Gen Y (80 – 2000s)",365,45,105,127,45,"techieMe","Spring Summer Collection"
"China","Sport Shoes","Badminton Shoes","Online","Other",503,"Mobile","Facebook","Blogs","HomePage",439,67,"Edge","Positive","2","Asia Pacific","Gen Y (80 – 2000s)",453,21,67,429,42,"#getsporty","Go Eco"
"China","Sport Shoes","Walking Shoes","Online","Female",799,"Mobile","Others","Twitter","Contact Us",543,97,"Safari","Positive","5","Asia Pacific","Gen Y (80 – 2000s)",441,49,97,474,30,"#getsporty","Go Eco"
"China","Cocktail Glasses","Candles","Online","Female",889,"Mobile","Direct","Facebook","HomePage",599,196,"Internet Explorer","Positive","2","Asia Pacific","Gen X (60 – 80s)",404,34,196,475,39,"#cocktailswithfriends","Go Eco"
"China","Cocktail Glasses","Pillows","Online","Female",720,"Mobile","Bing","Facebook","HomePage",595,77,"Internet Explorer","Positive","1","Asia Pacific","Gen Y (80 – 2000s)",437,42,77,475,48,"#cocktailswithfriends","Go Eco"
"China","Cocktail Glasses","Table Lamps","Online","Male",665,"Mobile","Google","Forum","Shipping Details",475,66,"Internet Explorer","Positive","4","Asia Pacific","Gen X (60 – 80s)",224,25,66,233,33,"#partytime","Go Eco"
"France","Books","Personal Development","Online","Fem; Male",1261,"Tablet","Yahoo","Facebook","HomePage",505,195,"Firefox","Neutral","6","Europe","Boomer; GenX; GenY; GenZ",390,12,161,1048,92,"futureTech","EnjoyTheMoment; BeUnique; TailoredForYou"
"France","Books","Travel","Online","Fem; Male",1297,"Tablet","Yahoo","Facebook","HomePage",480,165,"Internet Explorer","Neutral","4","Europe","Boomer; GenX; GenY; GenZ",265,17,107,1082,38,"#welcomespring","EnjoyTheMoment; BeUnique; TailoredForYou"
"France","Books","Favorites","Online","Fem; Male",1301,"Desktop","Google","Facebook","HomePage",538,157,"Firefox","Neutral","5","Europe","Boomer; GenX; GenY; GenZ",345,13,181,267,42,"#beach","EnjoyTheMoment; BeUnique; TailoredForYou"
"France","Books","Sci-fi","Online","Fem; Male",1285,"Tablet","Yahoo","Facebook","HomePage",403,114,"Edge","Positive","8","Europe","Boomer; GenX; GenY; GenZ",455,40,132,859,63,"#drinksafe","EnjoyTheMoment; BeUnique; TailoredForYou"
"France","Décor","Blankets","Online","Male",726,"Desktop","Facebook","Forum","Shipping Details",405,137,"Safari","Negative","5","Europe","Gen Y (80 – 2000s)",463,41,137,85,36,"#sportsfun","Go Eco"
"France","Furniture","Pillows","Online","Other",731,"Desktop","Google","Blogs","HomePage",453,69,"Chrome","Positive","2","Europe","Baby Boomers (45 – 60s)",204,14,69,58,30,"#outdoordining","Tailored for You"
"France","Cocktail Glasses","Pillows","Online","Male",938,"Tablet","Google","Blogs","HomePage",418,159,"Chrome","Positive","1","Europe","Gen Y (80 – 2000s)",245,22,159,449,50,"#cocktailswithfriends","Fun with Colors"
"France","Electronics","Candles","Online","Male",540,"Tablet","Direct","Facebook","HomePage",568,177,"Edge","Neutral","3","Europe","Gen Y (80 – 2000s)",492,34,177,123,40,"techieMe","Tailored for You"
"France","Furniture","Table Lamps","Online","Male",722,"Tablet","Bing","Twitter","Contact Us",415,182,"Safari","Positive","3","Europe","Gen Z (2000s - now)",380,50,182,445,47,"#entertainment","Tailored for You"
"France","Furniture","Table Lamps","Online","Female",521,"Tablet","Others","Forum","Shipping Details",445,99,"Internet Explorer","Positive","5","Europe","Gen Z (2000s - now)",495,11,99,95,29,"#entertainment","Seasonals"
"France","Gaming","Candles","Online","Male",831,"Tablet","Facebook","Facebook","HomePage",521,138,"Edge","Neutral","5","Europe","Baby Boomers (45 – 60s)",287,17,138,124,28,"#sportyspirit","Go Eco"
"France","Gaming","Furniture Cushions","Online","Male",993,"Tablet","Facebook","Twitter","Contact Us",474,82,"Firefox","Negative","3","Europe","Gen Z (2000s - now)",242,47,82,83,46,"#sportyspirit","Go Eco"
"France","Cocktail Glasses","Pillows","Online","Female",851,"Mobile","Google","Blogs","Products",539,93,"Edge","Negative","3","Europe","Baby Boomers (45 – 60s)",242,34,93,433,30,"#cocktailswithfriends","Fun with Colors"
"France","Electronics","Table Lamps","Online","Female",624,"Mobile","Google","Twitter","Shipping Details",403,194,"Internet Explorer","Positive","2","Europe","Gen X (60 – 80s)",422,20,194,143,47,"futureTech","Fall Winter Collection"
"France","Electronics","Home Fragrances","Online","Female",514,"Mobile","Direct","Forum","Shipping Details",516,136,"Firefox","Positive","5","Europe","Gen X (60 – 80s)",253,16,136,133,40,"techieMe","Fun with Colors"
"France","Gardening","Home Fragrances","Online","Female",505,"Mobile","Google","Twitter","Contact Us",532,171,"Safari","Positive","5","Europe","Gen Z (2000s - now)",443,27,171,117,30,"#toomucheffort","Go Eco"
"France","Cocktail Glasses","Dining Furniture","Online","Female",669,"Mobile","Bing","Twitter","Contact Us",452,68,"Safari","Positive","5","Europe","Baby Boomers (45 – 60s)",418,48,68,445,45,"#partytime","Homeware"
"Germany","Books","Biographies","Online","Fem; Male",1277,"Desktop","Google","Facebook","HomePage",599,177,"Internet Explorer","Positive","7","Europe","Boomer; GenX; GenY; GenZ",268,30,138,196,53,"#weekendfun","EnjoyTheMoment; BeUnique; TailoredForYou"
"Germany","Books","Personal Development","Online","Fem; Male",1305,"Mobile","Direct","Facebook","HomePage",430,178,"Edge","Positive","4","Europe","Boomer; GenX; GenY; GenZ",265,45,118,218,81,"#entertainment","EnjoyTheMoment; BeUnique; TailoredForYou"
"Germany","Gardening","Table Lamps","Online","Female",772,"Mobile","Google","Twitter","Products",588,156,"Safari","Negative","2","Europe","Gen Z (2000s - now)",305,23,156,57,22,"#sportsfun","Go Eco"
"Germany","Décor","Table Lamps","Online","Female",854,"Mobile","Google","Twitter","Contact Us",499,103,"Firefox","Negative","2","Europe","Gen Z (2000s - now)",298,30,103,61,46,"decordarling","Spring Summer Collection"
"Germany","Sport Shoes","Football Shoes","Online","Female",971,"Mobile","Facebook","Twitter","Products",430,99,"Safari","Positive","5","Europe","Gen Y (80 – 2000s)",224,14,99,139,43,"#softlights","Fun with Colors"
"Germany","Furniture","Candles","Online","Other",747,"Mobile","Bing","Blogs","HomePage",400,118,"Chrome","Positive","1","Europe","Baby Boomers (45 – 60s)",467,43,118,102,38,"#outdoor","Spring Summer Collection"
"Italy","Furniture","Floor Lamps","Online","Other",781,"Mobile","Bing","Blogs","HomePage",518,72,"Safari","Positive","4","Europe","Gen Y (80 – 2000s)",393,12,72,90,49,"#outdoor","Tailored for You"
"India","Books","Personal Development","Online","Fem; Male",1272,"Mobile","Others","Blogs","Contact Us",539,104,"Internet Explorer","Negative","3","Asia Pacific","Boomer; GenX; GenY; GenZ",221,16,167,56,89,"#partytime","EnjoyTheMoment; BeUnique; TailoredForYou"
"India","Books","Biographies","Online","Fem; Male",1288,"Tablet","Facebook","Blogs","Contact Us",516,129,"Safari","Positive","3","Asia Pacific","Boomer; GenX; GenY; GenZ",259,32,199,373,80,"#newyearsresolution","EnjoyTheMoment; BeUnique; TailoredForYou"
"India","Books","Trending Now","Online","Fem; Male",1276,"Tablet","Facebook","Blogs","Contact Us",490,133,"Firefox","Positive","3","Asia Pacific","Boomer; GenX; GenY; GenZ",242,41,92,958,72,"#toomucheffort","EnjoyTheMoment; BeUnique; TailoredForYou"
"India","Electronics","Table Lamps","Online","Other",752,"Desktop","Facebook","Facebook","HomePage",448,106,"Edge","Positive","4","Asia Pacific","Gen X (60 – 80s)",270,48,106,122,29,"futureTech","Fall Winter Collection"
"India","Electronics","Cocktail Glasses","Online","Male",867,"Desktop","Facebook","Facebook","Products",592,59,"Internet Explorer","Neutral","5","Asia Pacific","Gen X (60 – 80s)",410,48,59,57,30,"futureTech","Fall Winter Collection"
"India","Cocktail Glasses","Bathroom Furniture","Online","Female",788,"Tablet","Others","Facebook","Products",428,156,"Safari","Neutral","4","Asia Pacific","Baby Boomers (45 – 60s)",323,31,156,433,33,"#cocktailswithfriends","Go Eco"
"India","Furniture","Furniture Cushions","Online","Male",893,"Tablet","Others","Facebook","HomePage",500,76,"Internet Explorer","Neutral","3","Asia Pacific","Gen X (60 – 80s)",405,14,76,135,45,"#outdoordining","Fun with Colors"
"India","Cocktail Glasses","Table Lamps","Online","Female",954,"Mobile","Facebook","Facebook","HomePage",593,188,"Edge","Neutral","5","Asia Pacific","Gen X (60 – 80s)",368,29,188,475,33,"#cocktailswithfriends","Go Eco"
"India","Cocktail Glasses","Table Lamps","Online","Female",523,"Mobile","Google","Facebook","Products",490,82,"Edge","Positive","2","Asia Pacific","Gen Y (80 – 2000s)",282,24,82,475,23,"#cocktailswithfriends","Spring Summer Collection"
"India","Cocktail Glasses","Home Fragrances","Online","Male",511,"Mobile","Yahoo","Twitter","Contact Us",431,158,"Internet Explorer","Positive","3","Asia Pacific","Gen X (60 – 80s)",234,25,158,277,38,"#beach","Go Eco"
"Indonesia","Books","Favorites","Online","Fem; Male",1268,"Desktop","Bing","Blogs","Contact Us",580,169,"Safari","Neutral","6","Asia Pacific","Boomer; GenX; GenY; GenZ",452,49,133,57,94,"#getsporty","EnjoyTheMoment; BeUnique; TailoredForYou"
"Indonesia","Books","New Releases","Online","Fem; Male",1304,"Desktop","Bing","Blogs","Contact Us",493,175,"Chrome","Neutral","5","Asia Pacific","Boomer; GenX; GenY; GenZ",371,23,75,552,54,"#drinksafe","EnjoyTheMoment; BeUnique; TailoredForYou"
"Indonesia","Electronics","Blankets","Online","Male",884,"Desktop","Yahoo","Forum","Shipping Details",538,69,"Firefox","Positive","5","Asia Pacific","Gen Z (2000s - now)",481,48,69,131,23,"futureTech","Homeware"
"Indonesia","Furniture","Bathroom Furniture","Online","Male",940,"Tablet","Facebook","Twitter","Contact Us",515,124,"Internet Explorer","Negative","1","Asia Pacific","Baby Boomers (45 – 60s)",361,25,124,487,27,"#entertainment","Fall Winter Collection"
"Indonesia","Cocktail Glasses","Home Fragrances","Online","Male",716,"Tablet","Bing","Facebook","HomePage",427,162,"Edge","Positive","3","Asia Pacific","Gen X (60 – 80s)",439,28,162,475,28,"#cocktailswithfriends","Seasonals"
"Indonesia","Sport Shoes","Cricket Shoes","Online","Female",840,"Tablet","Others","Facebook","Products",565,165,"Edge","Neutral","1","Asia Pacific","Gen Z (2000s - now)",322,35,165,150,50,"#getsporty","Fall Winter Collection"
"Indonesia","Furniture","Cocktail Glasses","Online","Male",992,"Mobile","Bing","Facebook","Products",580,180,"Internet Explorer","Neutral","1","Asia Pacific","Baby Boomers (45 – 60s)",328,23,180,498,25,"#entertainment","Seasonals"
"Indonesia","Décor","Bathroom Furniture","Online","Female",752,"Mobile","Bing","Twitter","Products",569,191,"Internet Explorer","Neutral","2","Asia Pacific","Gen Z (2000s - now)",322,44,191,116,48,"#getsporty","Go Eco"
"Indonesia","Sport Shoes","Football Shoes","Online","Female",917,"Mobile","Direct","Twitter","Products",493,120,"Internet Explorer","Neutral","1","Asia Pacific","Gen X (60 – 80s)",206,23,120,448,32,"#getsporty","Go Eco"
"Italy","Books","Trending Now","Online","Fem; Male",1265,"Desktop","Google","Facebook","HomePage",515,126,"Edge","Negative","4","Europe","Boomer; GenX; GenY; GenZ",294,25,166,735,66,"#cocktailswithfriends","EnjoyTheMoment; BeUnique; TailoredForYou"
"Italy","Cocktail Glasses","Pillows","Online","Male",506,"Mobile","Others","Facebook","HomePage",596,61,"Edge","Positive","1","Europe","Gen X (60 – 80s)",422,45,61,433,40,"#cocktailswithfriends","Go Eco"
"Italy","Décor","Stemware","Online","Other",543,"Mobile","Yahoo","Blogs","HomePage",511,53,"Chrome","Negative","2","Europe","Gen X (60 – 80s)",439,10,53,141,47,"#sportsfun","Go Eco"
"Japan","Books","New Releases","Online","Fem; Male",1260,"Mobile","Others","Blogs","Contact Us",582,171,"Edge","Negative","6","Asia Pacific","Boomer; GenX; GenY; GenZ",275,37,132,33,96,"decordarling","EnjoyTheMoment; BeUnique; TailoredForYou"
"Japan","Décor","Pillows","Online","Female",636,"Desktop","Yahoo","Facebook","HomePage",459,108,"Edge","Neutral","4","Asia Pacific","Gen Y (80 – 2000s)",280,20,108,119,20,"#welcomespring","Fall Winter Collection"
"Japan","Décor","Table Lamps","Online","Female",796,"Desktop","Bing","Forum","Shipping Details",400,198,"Safari","Positive","4","Asia Pacific","Gen Z (2000s - now)",439,26,198,115,48,"decordarling","Fall Winter Collection"
"Japan","Exercise","Candles","Online","Other",558,"Desktop","Facebook","Blogs","HomePage",582,196,"Edge","Negative","4","Asia Pacific","Baby Boomers (45 – 60s)",414,37,196,938,23,"#toomucheffort","Seasonals"
"Japan","Electronics","Cocktail Glasses","Online","Female",903,"Mobile","Others","Twitter","Products",458,91,"Safari","Positive","4","Asia Pacific","Gen X (60 – 80s)",232,14,91,118,25,"techieMe","Spring Summer Collection"
"Japan","Furniture","Pillows","Online","Female",590,"Mobile","Others","Facebook","HomePage",500,190,"Edge","Neutral","4","Asia Pacific","Gen Y (80 – 2000s)",266,15,190,468,42,"#getsporty","Go Eco"
"Japan","Sport Shoes","Running Shoes","Online","Female",579,"Mobile","Google","Facebook","HomePage",500,197,"Edge","Positive","4","Asia Pacific","Gen Z (2000s - now)",231,34,197,87,37,"#softlights","Spring Summer Collection"
"Japan","Cocktail Glasses","Audio","Online","Female",542,"Mobile","Direct","Twitter","Contact Us",442,187,"Internet Explorer","Positive","5","Asia Pacific","Gen X (60 – 80s)",373,28,87,471,38,"#beach","Seasonals"
"Japan","Furniture","Floor Lamps","Online","Other",972,"Mobile","Bing","Facebook","HomePage",585,138,"Internet Explorer","Positive","5","Asia Pacific","Gen X (60 – 80s)",432,17,138,58,39,"#outdoor","Seasonals"
"Japan","Books","History","Online","Fem; Male",1248,"Mobile","Others","Blogs","Contact Us",472,161,"Safari","Positive","5","Asia Pacific","Boomer; GenX; GenY; GenZ",481,15,120,1005,25,"#entertainment","EnjoyTheMoment; BeUnique; TailoredForYou"
"Japan","Books","Sci-fi","Online","Fem; Male",1252,"Tablet","Facebook","Blogs","Contact Us",443,175,"Internet Explorer","Positive","7","Asia Pacific","Boomer; GenX; GenY; GenZ",438,46,151,229,41,"#outdoordining","EnjoyTheMoment; BeUnique; TailoredForYou"
"Japan","Books","History","Online","Fem; Male",1292,"Desktop","Bing","Blogs","Contact Us",596,120,"Internet Explorer","Neutral","8","Asia Pacific","Boomer; GenX; GenY; GenZ",336,13,154,211,58,"#softlights","EnjoyTheMoment; BeUnique; TailoredForYou"
"Japan","Books","Sci-fi","Online","Fem; Male",1296,"Mobile","Others","Blogs","Contact Us",568,188,"Firefox","Neutral","5","Asia Pacific","Boomer; GenX; GenY; GenZ",215,36,155,487,51,"#weekendfun","EnjoyTheMoment; BeUnique; TailoredForYou"
"Japan","Books","Children","Online","Fem; Male",1300,"Tablet","Facebook","Blogs","Contact Us",467,144,"Edge","Neutral","8","Asia Pacific","Boomer; GenX; GenY; GenZ",354,42,166,1161,61,"techieMe","EnjoyTheMoment; BeUnique; TailoredForYou"
"Japan","Books","Travel","Online","Fem; Male",1308,"Mobile","Others","Blogs","Contact Us",498,153,"Safari","Neutral","7","Asia Pacific","Boomer; GenX; GenY; GenZ",368,44,172,288,37,"#outdoor","EnjoyTheMoment; BeUnique; TailoredForYou"
"Korea","Books","Biographies","Online","Fem; Male",1244,"Desktop","Bing","Blogs","Contact Us",592,149,"Chrome","Positive","5","Asia Pacific","Boomer; GenX; GenY; GenZ",288,20,75,422,67,"#beach","EnjoyTheMoment; BeUnique; TailoredForYou"
"Korea","Books","Romance","Online","Fem; Male",1284,"Mobile","Others","Blogs","Contact Us",533,102,"Chrome","Positive","7","Asia Pacific","Boomer; GenX; GenY; GenZ",464,26,115,1177,38,"#cocktailswithfriends","EnjoyTheMoment; BeUnique; TailoredForYou"
"Korea","Décor","Cocktail Glasses","Online","Male",571,"Desktop","Yahoo","Twitter","Products",592,113,"Safari","Positive","4","Asia Pacific","Baby Boomers (45 – 60s)",220,41,113,115,39,"#welcomespring","Fun with Colors"
"Korea","Sport Shoes","Cycling Shoes","Online","Male",818,"Tablet","Google","Forum","Shipping Details",423,194,"Internet Explorer","Positive","5","Asia Pacific","Gen Z (2000s - now)",306,37,194,135,35,"#softlights","Tailored for You"
"Korea","Décor","Table Lamps","Online","Male",561,"Mobile","Direct","Forum","Shipping Details",533,189,"Safari","Positive","2","Asia Pacific","Gen Z (2000s - now)",341,28,189,150,31,"decordarling","Fall Winter Collection"
"Korea","Books","Children","Online","Fem; Male",1256,"Desktop","Bing","Blogs","Contact Us",410,182,"Firefox","Positive","8","Asia Pacific","Boomer; GenX; GenY; GenZ",258,37,189,435,93,"#sportyspirit","EnjoyTheMoment; BeUnique; TailoredForYou"
"Mexico","Books","History","Online","Fem; Male",1270,"Tablet","Facebook","Forum","Products",439,113,"Edge","Positive","8","North & Central America","Boomer; GenX; GenY; GenZ",422,41,123,255,53,"#outdoor","EnjoyTheMoment; BeUnique; TailoredForYou"
"Mexico","Books","Favorites","Online","Fem; Male",1246,"Tablet","Facebook","Forum","Products",405,196,"Firefox","Negative","3","North & Central America","Boomer; GenX; GenY; GenZ",293,30,116,165,85,"#cocktailswithfriends","EnjoyTheMoment; BeUnique; TailoredForYou"
"Mexico","Books","Fiction","Online","Fem; Male",1302,"Mobile","Others","Forum","Products",453,171,"Internet Explorer","Positive","7","North & Central America","Boomer; GenX; GenY; GenZ",421,13,88,902,58,"#boring","EnjoyTheMoment; BeUnique; TailoredForYou"
"Mexico","Books","Trending Now","Online","Fem; Male",1254,"Mobile","Others","Forum","Products",592,159,"Chrome","Neutral","5","North & Central America","Boomer; GenX; GenY; GenZ",499,13,198,299,99,"#softlights","EnjoyTheMoment; BeUnique; TailoredForYou"
"Mexico","Books","Sci-fi","Online","Fem; Male",1274,"Desktop","Bing","Forum","Products",593,121,"Chrome","Neutral","5","North & Central America","Boomer; GenX; GenY; GenZ",274,30,180,728,46,"#sportsfun","EnjoyTheMoment; BeUnique; TailoredForYou"
"Mexico","Books","Personal Development","Online","Fem; Male",1294,"Tablet","Facebook","Forum","Products",500,148,"Chrome","Neutral","6","North & Central America","Boomer; GenX; GenY; GenZ",349,27,116,372,47,"#sportyspirit","EnjoyTheMoment; BeUnique; TailoredForYou"
"Mexico","Books","Romance","Online","Fem; Male",1306,"Tablet","Facebook","Forum","Products",500,154,"Firefox","Positive","8","North & Central America","Boomer; GenX; GenY; GenZ",274,18,98,328,39,"#getsporty","EnjoyTheMoment; BeUnique; TailoredForYou"
"Mexico","Books","Children","Online","Fem; Male",1278,"Mobile","Others","Forum","Products",566,131,"Safari","Neutral","3","North & Central America","Boomer; GenX; GenY; GenZ",312,11,166,75,98,"#welcomespring","EnjoyTheMoment; BeUnique; TailoredForYou"
"Spain","Books","Favorites","Online","Fem; Male",1257,"Mobile","Direct","Facebook","HomePage",538,162,"Internet Explorer","Positive","3","Europe","Boomer; GenX; GenY; GenZ",245,14,75,129,35,"#toomucheffort","EnjoyTheMoment; BeUnique; TailoredForYou"
"Spain","Books","Romance","Online","Fem; Male",1273,"Tablet","Yahoo","Facebook","HomePage",500,133,"Safari","Negative","5","Europe","Boomer; GenX; GenY; GenZ",289,18,163,391,33,"#softlights","EnjoyTheMoment; BeUnique; TailoredForYou"
"Spain","Books","Fiction","Online","Fem; Male",1269,"Mobile","Direct","Facebook","HomePage",430,191,"Chrome","Neutral","7","Europe","Boomer; GenX; GenY; GenZ",345,26,95,960,67,"#newyearsresolution","EnjoyTheMoment; BeUnique; TailoredForYou"
"Spain","Gaming","Candles","Online","Other",660,"Mobile","Direct","Blogs","HomePage",410,170,"Chrome","Positive","2","Europe","Gen X (60 – 80s)",448,34,170,142,31,"#sportyspirit","Go Eco"
"Spain","Furniture","Dining Furniture","Online","Female",632,"Mobile","Yahoo","Twitter","Shipping Details",471,146,"Firefox","Positive","5","Europe","Gen Z (2000s - now)",479,21,146,81,50,"#outdoor","Homeware"
"Turkey","Books","Children","Online","Fem; Male",1289,"Desktop","Google","Facebook","HomePage",446,169,"Chrome","Negative","8","Europe","Boomer; GenX; GenY; GenZ",440,28,70,648,36,"#outdoor","EnjoyTheMoment; BeUnique; TailoredForYou"
"Turkey","Electronics","Home Fragrances","Online","Male",961,"Tablet","Others","Twitter","Contact Us",522,54,"Internet Explorer","Positive","2","Europe","Gen Y (80 – 2000s)",216,35,54,102,34,"techieMe","Seasonals"
"Turkey","Cocktail Glasses","Dining Furniture","Online","Male",774,"Tablet","Yahoo","Forum","Shipping Details",475,122,"Internet Explorer","Positive","5","Europe","Baby Boomers (45 – 60s)",390,13,122,462,26,"#partytime","Go Eco"
"Turkey","Gaming","Baseball","Online","Female",640,"Mobile","Bing","Facebook","HomePage",566,78,"Internet Explorer","Neutral","5","Europe","Baby Boomers (45 – 60s)",263,39,78,77,50,"#sportyspirit","Go Eco"
"Turkey","Electronics","Home Fragrances","Online","Male",792,"Mobile","Yahoo","Facebook","HomePage",446,55,"Edge","Negative","1","Europe","Gen Z (2000s - now)",262,20,55,119,30,"#sportsfun","Go Eco"
"Turkey","Electronics","Candles","Online","Other",854,"Mobile","Direct","Blogs","HomePage",507,176,"Internet Explorer","Positive","5","Europe","Gen Z (2000s - now)",443,20,176,120,40,"techieMe","Homeware"
"Turkey","Gaming","Home Fragrances","Online","Male",773,"Mobile","Bing","Twitter","Contact Us",570,171,"Safari","Negative","2","Europe","Gen X (60 – 80s)",410,38,171,121,50,"#sportyspirit","Go Eco"
"Turkey","Electronics","Furniture Cushions","Online","Female",893,"Mobile","Yahoo","Facebook","Products",470,58,"Internet Explorer","Neutral","4","Europe","Gen X (60 – 80s)",455,10,58,136,40,"techieMe","Fall Winter Collection"
"UK","Books","History","Online","Fem; Male",1281,"Mobile","Direct","Facebook","HomePage",569,107,"Firefox","Neutral","4","Europe","Boomer; GenX; GenY; GenZ",364,49,148,154,89,"techieMe","EnjoyTheMoment; BeUnique; TailoredForYou"
"UK","Books","Travel","Online","Fem; Male",1253,"Desktop","Google","Facebook","HomePage",448,162,"Safari","Positive","5","Europe","Boomer; GenX; GenY; GenZ",361,49,115,718,22,"#partytime","EnjoyTheMoment; BeUnique; TailoredForYou"
"UK","Gaming","Basketball","Online","Male",566,"Tablet","Google","Facebook","HomePage",422,52,"Edge","Neutral","1","Europe","Gen Z (2000s - now)",225,44,52,122,29,"#sportyspirit","Go Eco"
"UK","Books","Children","Online","Fem; Male",1245,"Mobile","Direct","Facebook","HomePage",521,120,"Edge","Positive","4","Europe","Boomer; GenX; GenY; GenZ",361,21,110,598,27,"#boring","EnjoyTheMoment; BeUnique; TailoredForYou"
"UK","Books","New Releases","Online","Fem; Male",1249,"Tablet","Yahoo","Facebook","HomePage",583,152,"Chrome","Neutral","5","Europe","Boomer; GenX; GenY; GenZ",235,13,90,97,81,"#getsporty","EnjoyTheMoment; BeUnique; TailoredForYou"
"UK","Books","New Releases","Online","Fem; Male",1293,"Mobile","Direct","Facebook","HomePage",424,124,"Safari","Neutral","5","Europe","Boomer; GenX; GenY; GenZ",276,21,128,701,46,"#sportsfun","EnjoyTheMoment; BeUnique; TailoredForYou"
"USA","Books","Fiction","Online","Fem; Male",1258,"Tablet","Facebook","Forum","Products",574,122,"Safari","Neutral","8","North & Central America","Boomer; GenX; GenY; GenZ",324,10,111,903,77,"#weekendfun","EnjoyTheMoment; BeUnique; TailoredForYou"
"USA","Books","Romance","Online","Fem; Male",1262,"Desktop","Bing","Forum","Products",515,165,"Internet Explorer","Negative","4","North & Central America","Boomer; GenX; GenY; GenZ",281,12,97,208,58,"techieMe","EnjoyTheMoment; BeUnique; TailoredForYou"
"USA","Books","New Releases","Online","Fem; Male",1282,"Tablet","Facebook","Forum","Products",494,174,"Internet Explorer","Positive","3","North & Central America","Boomer; GenX; GenY; GenZ",374,50,101,535,42,"#beach","EnjoyTheMoment; BeUnique; TailoredForYou"
"USA","Books","Travel","Online","Fem; Male",1286,"Desktop","Bing","Forum","Products",553,124,"Firefox","Neutral","3","North & Central America","Boomer; GenX; GenY; GenZ",414,13,141,1093,26,"#entertainment","EnjoyTheMoment; BeUnique; TailoredForYou"
"USA","Books","Favorites","Online","Fem; Male",1290,"Mobile","Others","Forum","Products",409,113,"Edge","Positive","7","North & Central America","Boomer; GenX; GenY; GenZ",325,19,185,1019,63,"#outdoordining","EnjoyTheMoment; BeUnique; TailoredForYou"
"USA","Décor","Candles","Online","Other",596,"Desktop","Others","Blogs","HomePage",521,157,"Edge","Positive","2","North & Central America","Gen X (60 – 80s)",483,28,157,133,31,"#welcomespring","Spring Summer Collection"
"USA","Décor","Floor Lamps","Online","Other",605,"Desktop","Google","Blogs","HomePage",472,156,"Edge","Positive","5","North & Central America","Gen Z (2000s - now)",438,11,156,138,20,"#welcomespring","Fall Winter Collection"
"USA","Décor","Bathroom Furniture","Online","Male",866,"Desktop","Google","Facebook","HomePage",583,172,"Internet Explorer","Neutral","3","North & Central America","Gen Z (2000s - now)",307,24,172,139,35,"#welcomespring","Fun with Colors"
"USA","Electronics","Floor Lamps","Online","Other",898,"Desktop","Others","Blogs","HomePage",443,99,"Edge","Positive","4","North & Central America","Gen X (60 – 80s)",483,11,99,136,42,"#getsporty","Go Eco"
"USA","Electronics","Pillows","Online","Female",792,"Desktop","Facebook","Facebook","HomePage",574,127,"Internet Explorer","Neutral","2","North & Central America","Gen Z (2000s - now)",369,40,127,147,24,"techieMe","Homeware"
"USA","Furniture","Blankets","Online","Male",748,"Desktop","Others","Twitter","Contact Us",515,158,"Firefox","Negative","3","North & Central America","Gen Y (80 – 2000s)",215,45,158,462,42,"#entertainment","Homeware"
"USA","Furniture","Bathroom Furniture","Online","Male",644,"Tablet","Facebook","Forum","Shipping Details",467,121,"Chrome","Neutral","4","North & Central America","Gen Y (80 – 2000s)",476,43,121,92,40,"#outdoor","Tailored for You"
"USA","Furniture","Floor Lamps","Online","Female",517,"Desktop","Yahoo","Forum","Shipping Details",439,94,"Chrome","Positive","4","North & Central America","Gen X (60 – 80s)",211,30,94,63,24,"#outdoordining","Seasonals"
"USA","Sport Shoes","Football Shoes","Online","Male",670,"Tablet","Direct","Facebook","HomePage",449,131,"Internet Explorer","Positive","3","North & Central America","Gen Z (2000s - now)",372,33,131,123,31,"#getsporty","Fall Winter Collection"
"USA","Cocktail Glasses","Table Lamps","Online","Female",836,"Tablet","Direct","Forum","Shipping Details",519,152,"Chrome","Neutral","2","North & Central America","Baby Boomers (45 – 60s)",276,13,152,570,39,"#weekendfun","Fun with Colors"
"USA","Décor","Cocktail Glasses","Online","Female",650,"Mobile","Facebook","Forum","Shipping Details",494,124,"Internet Explorer","Positive","4","North & Central America","Gen Z (2000s - now)",493,14,124,96,24,"#getsporty","Go Eco"
"USA","Electronics","Home Fragrances","Online","Female",767,"Mobile","Bing","Forum","Products",553,197,"Chrome","Neutral","4","North & Central America","Gen X (60 – 80s)",366,40,197,105,32,"futureTech","Fun with Colors"
"USA","Electronics","Dining Furniture","Online","Male",633,"Mobile","Google","Twitter","Contact Us",409,153,"Firefox","Positive","2","North & Central America","Gen Z (2000s - now)",393,43,153,120,23,"futureTech","Tailored for You"
"USA","Furniture","Blankets","Online","Female",982,"Mobile","Direct","Forum","Products",596,127,"Chrome","Neutral","2","North & Central America","Gen X (60 – 80s)",485,41,127,103,44,"#entertainment","Homeware"
"USA","Furniture","Table Lamps","Online","Male",822,"Mobile","Direct","Facebook","HomePage",424,69,"Edge","Neutral","1","North & Central America","Gen X (60 – 80s)",479,37,69,52,39,"#outdoor","Fun with Colors"
"USA","Furniture","Blankets","Online","Female",558,"Mobile","Others","Forum","Products",489,143,"Chrome","Neutral","2","North & Central America","Gen Y (80 – 2000s)",292,38,143,53,47,"#outdoor","Homeware"
"USA","Furniture","Bathroom Furniture","Online","Female",526,"Mobile","Bing","Facebook","HomePage",568,117,"Edge","Neutral","2","North & Central America","Gen Z (2000s - now)",430,18,117,91,26,"#outdoordining","Spring Summer Collection"
"USA","Sport Shoes","Riding Shoes","Online","Male",753,"Mobile","Direct","Twitter","Contact Us",585,94,"Safari","Negative","3","North & Central America","Gen Z (2000s - now)",481,49,94,63,23,"#softlights","Seasonals"
"USA","Sport Shoes","Walking Shoes","Online","Male",685,"Mobile","Direct","Forum","Products",498,81,"Chrome","Positive","4","North & Central America","Gen Z (2000s - now)",355,14,81,118,21,"#getsporty","Fall Winter Collection"
"USA","Cocktail Glasses","Blankets","Online","Female",617,"Mobile","Facebook","Forum","Shipping Details",438,53,"Internet Explorer","Positive","4","North & Central America","Gen Y (80 – 2000s)",297,19,53,249,32,"#drinksafe","Go Eco"
"USA","Cocktail Glasses","Floor Lamps","Online","Male",937,"Mobile","Others","Forum","Shipping Details",552,185,"Safari","Positive","3","North & Central America","Gen Y (80 – 2000s)",212,17,185,475,30,"#drinksafe","Go Eco"
"USA","Décor","Cocktail Glasses","Online","Male",578,"Mobile","Bing","Forum","Shipping Details",517,92,"Chrome","Neutral","5","North & Central America","Gen Z (2000s - now)",490,16,92,145,43,"#getsporty","Go Eco"
"USA","Electronics","Computers","Online","Male",923,"Mobile","Bing","Twitter","Contact Us",574,146,"Internet Explorer","Negative","1","North & Central America","Baby Boomers (45 – 60s)",267,37,146,87,22,"techieMe","Tailored for You"
"USA","Furniture","Blankets","Online","Female",555,"Mobile","Yahoo","Twitter","Contact Us",581,64,"Firefox","Positive","2","North & Central America","Gen Z (2000s - now)",301,33,64,91,39,"#outdoordining","Fall Winter Collection"
"USA","Cocktail Glasses","Home Fragrances","Online","Male",564,"Mobile","Direct","Twitter","Contact Us",555,143,"Safari","Positive","2","North & Central America","Gen X (60 – 80s)",232,50,143,490,33,"#partytime","Go Eco"
"USA","Cocktail Glasses","Cocktail Glasses","Online","Female",630,"Mobile","Google","Forum","Shipping Details",546,130,"Chrome","Neutral","1","North & Central America","Gen Z (2000s - now)",350,50,130,134,25,"#weekendfun","Tailored for You"
